cell,run,packets,duration_s,wire_mbit_s,frame_len_median,ipg_min_ms,ipg_p10_ms,ipg_median_ms,ipg_p90_ms,burst_fraction,ptl_median,ptl_p95,ptl_max,frac_packets_in_trains_gt5,frac_gaps_below_wire_bound,normalized_ipg_p10,normalized_ipg_median,normalized_ipg_p90,frac_gaps_below_half_pacing_gap,scenario,arm,implementation,congestion_control,sender_qdisc,gso,rate_mbit,rtt_ms,cross_traffic,capture_tstype,capture_wire_equivalent,kernel,goodput_mbit_s,bottleneck_drops,tcp_goodput_mbit_s,quic_goodput_share
ngtcp2:bbr:default:gso0,n1-current-confirmatory-armB-gso0-ngtcp2-bbr-default-rep1,75036,23.427172857,38.005484888628445,1486,0.00256,0.0036,0.00379,1.167535,0.6218831212101019,3,3.0,11,0.0012127512127512127,0.619684147397881,0.011920529801324504,0.012549668874172186,3.869748344370861,0.6218697940960884,n1-current-confirmatory,B,ngtcp2,bbr,default,0,40.0,40.0,0,host,0,7.0.0-28-generic,35.48821295853268,486.0,nan,nan
ngtcp2:bbr:default:gso0,n1-current-confirmatory-armB-gso0-ngtcp2-bbr-default-rep10,75384,23.51429382,38.035193693093014,1486,0.00341,0.00357,0.00374,1.16401,0.6228459997612193,3.0,3.0,11,0.0008357211079274117,0.6194234774418635,0.011821192052980132,0.0123841059602649,3.8584139072847683,0.6228592653516045,n1-current-confirmatory,B,ngtcp2,bbr,default,0,40.0,40.0,0,host,0,7.0.0-28-generic,35.53427773013068,467.0,nan,nan
ngtcp2:bbr:default:gso0,n1-current-confirmatory-armB-gso0-ngtcp2-bbr-default-rep2,74815,23.435836415,37.87599607206082,1486.0,0.00067,0.00358,0.00378,1.163715,0.6234394632020744,3,3.0,10,0.0010425716768027802,0.6209399310289518,0.011854304635761589,0.012516556291390729,3.8574668874172184,0.6234661961664929,n1-current-confirmatory,B,ngtcp2,bbr,default,0,40.0,40.0,0,host,0,7.0.0-28-generic,35.37873711272925,467.0,nan,nan
ngtcp2:bbr:default:gso0,n1-current-confirmatory-armB-gso0-ngtcp2-bbr-default-rep3,74626,23.361587115,37.901908104157506,1486,0.00053,0.00357,0.00376,1.169544,0.6310083752093802,3,3.0,11,0.0007772090156245812,0.628355108877722,0.011821192052980132,0.012450331125827815,3.875480132450331,0.6310753768844221,n1-current-confirmatory,B,ngtcp2,bbr,default,0,40.0,40.0,0,host,0,7.0.0-28-generic,35.422287307080815,466.0,nan,nan
ngtcp2:bbr:default:gso0,n1-current-confirmatory-armB-gso0-ngtcp2-bbr-default-rep4,75004,23.631124763,37.6578666028348,1486,0.0007,0.00357,0.00374,1.167765,0.6270015866032025,3,3.0,11,0.000639965868487014,0.624335026598936,0.011821192052980132,0.0123841059602649,3.8697847682119204,0.6270415850032666,n1-current-confirmatory,B,ngtcp2,bbr,default,0,40.0,40.0,0,host,0,7.0.0-28-generic,35.184594817936215,469.0,nan,nan
ngtcp2:bbr:default:gso0,n1-current-confirmatory-armB-gso0-ngtcp2-bbr-default-rep5,75334,23.719476691,37.70430164419853,1486,0.00338,0.00356,0.00377,0.992436,0.6038256806446046,3.0,3.0,11,0.0006504367217989222,0.6011442528506763,0.011788079470198675,0.012483443708609272,3.514221854304636,0.6039318758047602,n1-current-confirmatory,B,ngtcp2,bbr,default,0,40.0,40.0,0,host,0,7.0.0-28-generic,35.199614201921335,516.0,nan,nan
ngtcp2:bbr:default:gso0,n1-current-confirmatory-armB-gso0-ngtcp2-bbr-default-rep6,74656,23.424441146,37.83272738403541,1486,0.00342,0.00356,0.00373,1.166965,0.6249413970932959,3,3.0,11,0.0009108444063437634,0.6225035161744022,0.011788079470198675,0.012350993377483443,3.866569536423841,0.6249413970932959,n1-current-confirmatory,B,ngtcp2,bbr,default,0,40.0,40.0,0,host,0,7.0.0-28-generic,35.33646757391955,459.0,nan,nan
ngtcp2:bbr:default:gso0,n1-current-confirmatory-armB-gso0-ngtcp2-bbr-default-rep7,74579,23.667568006,37.39583111266967,1486.0,0.00065,0.00357,0.00377,1.169224,0.6306015178739038,3.0,3.0,9,0.0010995052226498076,0.6278795355198584,0.011821192052980132,0.012483443708609272,3.8744503311258276,0.6307758320148033,n1-current-confirmatory,B,ngtcp2,bbr,default,0,40.0,40.0,0,host,0,7.0.0-28-generic,34.94223580111754,458.0,nan,nan
ngtcp2:bbr:default:gso0,n1-current-confirmatory-armB-gso0-ngtcp2-bbr-default-rep8,75241,23.709974597,37.6462895119651,1486.0,0.00111,0.00358,0.00375,1.164984,0.6253721424774057,3.0,3.0,9,0.0011562844725615023,0.6229665071770335,0.011854304635761589,0.012417218543046357,3.8612384105960267,0.6253987240829346,n1-current-confirmatory,B,ngtcp2,bbr,default,0,40.0,40.0,0,host,0,7.0.0-28-generic,35.17559959603433,463.0,nan,nan
ngtcp2:bbr:default:gso0,n1-current-confirmatory-armB-gso0-ngtcp2-bbr-default-rep9,75385,23.676465634,37.77303613744261,1486.0,0.00136,0.00358,0.00421,1.169502,0.6280775761434787,3.0,3.0,11,0.0007428533527890163,0.6228244720365064,0.011854304635761589,0.013940397350993377,3.875569536423841,0.6281173723867134,n1-current-confirmatory,B,ngtcp2,bbr,default,0,40.0,40.0,0,host,0,7.0.0-28-generic,35.2999214606911,441.0,nan,nan
ngtcp2:cubic:default:gso0,n1-current-confirmatory-armB-gso0-ngtcp2-cubic-default-rep1,74893,22.326121562,39.86206119717445,1486.0,0.00084,0.00365,0.00984,0.600107,0.5070501522191957,2,2.0,10,0.009440134592017946,0.5039790631843187,0.012086092715231788,0.03258278145695364,1.9871754966887418,0.5070768573412381,n1-current-confirmatory,B,ngtcp2,cubic,default,0,40.0,40.0,0,host,0,7.0.0-28-generic,37.27037240118232,317.0,nan,nan
ngtcp2:cubic:default:gso0,n1-current-confirmatory-armB-gso0-ngtcp2-cubic-default-rep10,75187,22.411423767,39.8648375617947,1486.0,0.00141,0.00363,0.00978,0.60008,0.507168887824861,2,2.0,10,0.008791413409232979,0.5049211289335781,0.012019867549668875,0.0323841059602649,1.9870827814569536,0.507168887824861,n1-current-confirmatory,B,ngtcp2,cubic,default,0,40.0,40.0,0,host,0,7.0.0-28-generic,37.27243585776264,319.0,nan,nan
ngtcp2:cubic:default:gso0,n1-current-confirmatory-armB-gso0-ngtcp2-cubic-default-rep2,75028,22.367732202,39.85915317424454,1486,0.00342,0.00363,0.01004,0.599487,0.5071640875951324,2,2.0,10,0.009449805405981768,0.5035253975235582,0.012019867549668875,0.033245033112582784,1.9850894039735099,0.5071640875951324,n1-current-confirmatory,B,ngtcp2,cubic,default,0,40.0,40.0,0,host,0,7.0.0-28-generic,37.26997592513844,314.0,nan,nan
ngtcp2:cubic:default:gso0,n1-current-confirmatory-armB-gso0-ngtcp2-cubic-default-rep3,75020,22.379246412,39.83444123131808,1486,0.00343,0.00364,0.00978,0.600648,0.5069115823991256,2.0,2.0,10,0.009357504665422555,0.5044588704194938,0.012052980132450332,0.0323841059602649,1.9889966887417219,0.5069115823991256,n1-current-confirmatory,B,ngtcp2,cubic,default,0,40.0,40.0,0,host,0,7.0.0-28-generic,37.27395233916895,292.0,nan,nan
ngtcp2:cubic:default:gso0,n1-current-confirmatory-armB-gso0-ngtcp2-cubic-default-rep4,74693,22.417916458,39.591311782378845,1486.0,0.00146,0.00366,0.0098,0.599698,0.5076581159963584,2,2.0,10,0.01142007952552448,0.5051411128367161,0.012119205298013245,0.03245033112582781,1.985817880794702,0.5076581159963584,n1-current-confirmatory,B,ngtcp2,cubic,default,0,40.0,40.0,0,host,0,7.0.0-28-generic,37.05496819789696,254.0,nan,nan
ngtcp2:cubic:default:gso0,n1-current-confirmatory-armB-gso0-ngtcp2-cubic-default-rep5,74577,22.397148547,39.564979360673796,1486.0,0.00075,0.00367,0.00988,0.602567,0.5079382106844025,2,2.0,11,0.011531705485605481,0.5042641064149325,0.012152317880794702,0.03271523178807947,1.9953543046357616,0.5079516198240721,n1-current-confirmatory,B,ngtcp2,cubic,default,0,40.0,40.0,0,host,0,7.0.0-28-generic,37.00825463276515,292.0,nan,nan
ngtcp2:cubic:default:gso0,n1-current-confirmatory-armB-gso0-ngtcp2-cubic-default-rep6,75052,22.384560839,39.84143742709412,1486,0.00145,0.00365,0.0098,0.602638,0.5075615248297825,2,2.0,10,0.00963332089751106,0.5052164528120878,0.012086092715231788,0.03245033112582781,1.9956192052980133,0.5075615248297825,n1-current-confirmatory,B,ngtcp2,cubic,default,0,40.0,40.0,0,host,0,7.0.0-28-generic,37.266515935035976,336.0,nan,nan
ngtcp2:cubic:default:gso0,n1-current-confirmatory-armB-gso0-ngtcp2-cubic-default-rep7,75133,22.399559758,39.861235562056535,1486.0,0.00074,0.00366,0.00982,0.599707,0.5066815737635095,2,2.0,9,0.009023997444531697,0.5045786083160304,0.012119205298013245,0.032516556291390726,1.985817880794702,0.5067081935793004,n1-current-confirmatory,B,ngtcp2,cubic,default,0,40.0,40.0,0,host,0,7.0.0-28-generic,37.2735876422587,312.0,nan,nan
ngtcp2:cubic:default:gso0,n1-current-confirmatory-armB-gso0-ngtcp2-cubic-default-rep8,75194,22.413271842,39.8632820008787,1486,0.00345,0.00366,0.00984,0.602588,0.507254664662934,2.0,2.0,10,0.00968162353379259,0.5041027755243174,0.012119205298013245,0.03258278145695364,1.9954238410596026,0.507254664662934,n1-current-confirmatory,B,ngtcp2,cubic,default,0,40.0,40.0,0,host,0,7.0.0-28-generic,37.268555229387744,316.0,nan,nan
ngtcp2:cubic:default:gso0,n1-current-confirmatory-armB-gso0-ngtcp2-cubic-default-rep9,74449,22.195490774,39.85589149649501,1486.0,0.00344,0.00364,0.00981,0.601422,0.5073071136900924,2,2.0,11,0.00983223414686564,0.5043520309477756,0.012052980132450332,0.03248344370860927,1.9915331125827815,0.5072936814958091,n1-current-confirmatory,B,ngtcp2,cubic,default,0,40.0,40.0,0,host,0,7.0.0-28-generic,37.26705094032969,316.0,nan,nan
picoquic:bbr:default:gso0,n1-current-confirmatory-armB-gso0-picoquic-bbr-default-rep1,74029,22.549775711,38.91645554469613,1482.0,0.00392,0.300988,0.302749,0.304269,0.0029448316853082617,1,1.0,25,0.0024584959948128434,0.002107310747284811,0.9992961487383798,1.0051427622841966,1.0101892430278885,0.006551575079699573,n1-current-confirmatory,B,picoquic,bbr,default,0,40.0,40.0,0,host,0,7.0.0-28-generic,36.71014417033482,97.0,nan,nan
picoquic:bbr:default:gso0,n1-current-confirmatory-armB-gso0-picoquic-bbr-default-rep10,73895,22.511662885,38.911836432291175,1482.0,0.0039,0.30102,0.30276,0.30426,0.0026930467967629305,1.0,1.0,26,0.0023546924690439138,0.0019893360760007577,0.999402390438247,1.005179282868526,1.0101593625498009,0.0063469293853357514,n1-current-confirmatory,B,picoquic,bbr,default,0,40.0,40.0,0,host,0,7.0.0-28-generic,36.53740642971099,94.0,nan,nan
picoquic:bbr:default:gso0,n1-current-confirmatory-armB-gso0-picoquic-bbr-default-rep2,74021,22.556035836,38.903050091784756,1482.0,0.00399,0.301029,0.302789,0.304279,0.0026344231288840856,1.0,1.0,20,0.0020399616325096934,0.002188597676303702,0.9994322709163347,1.0052755644090305,1.010222443559097,0.006241556336125371,n1-current-confirmatory,B,picoquic,bbr,default,0,40.0,40.0,0,host,0,7.0.0-28-generic,36.69645712656283,89.0,nan,nan
picoquic:bbr:default:gso0,n1-current-confirmatory-armB-gso0-picoquic-bbr-default-rep3,73561,22.406058613,38.91863638587724,1482.0,0.0039,0.300999,0.302769,0.304298,0.002732463295269168,1.0,1.0,20,0.0020663123122306656,0.002147906470908102,0.9993326693227091,1.0052091633466136,1.010285524568393,0.0064573137574768895,n1-current-confirmatory,B,picoquic,bbr,default,0,40.0,40.0,0,host,0,7.0.0-28-generic,36.70927845123729,94.0,nan,nan
picoquic:bbr:default:gso0,n1-current-confirmatory-armB-gso0-picoquic-bbr-default-rep4,74863,22.921609169,38.71023441059353,1482.0,0.00391,0.300758,0.302709,0.304619,0.004808848280836739,1,1.0,36,0.004528271642867638,0.003152467206326307,0.9985325365205844,1.0050099601593625,1.0113512616201858,0.015187945820309369,n1-current-confirmatory,B,picoquic,bbr,default,0,40.0,40.0,0,host,0,7.0.0-28-generic,36.42782809617263,276.0,nan,nan
picoquic:bbr:default:gso0,n1-current-confirmatory-armB-gso0-picoquic-bbr-default-rep5,73983,22.541510885,38.90686354052705,1482.0,0.00391,0.301038,0.302789,0.304288,0.002662809872671731,1.0,1.0,20,0.0021491423705445848,0.002203238625611635,0.9994621513944223,1.0052755644090305,1.0102523240371846,0.006542131869914303,n1-current-confirmatory,B,picoquic,bbr,default,0,40.0,40.0,0,host,0,7.0.0-28-generic,36.70162921553531,96.0,nan,nan
picoquic:bbr:default:gso0,n1-current-confirmatory-armB-gso0-picoquic-bbr-default-rep6,73886,22.528027553,38.87863355721811,1482,0.00398,0.301049,0.302808,0.304309,0.002747513027001421,1,1.0,21,0.0022737731099261023,0.0021113893212424714,0.9994986719787516,1.0053386454183266,1.0103220451527224,0.00638830615145158,n1-current-confirmatory,B,picoquic,bbr,default,0,40.0,40.0,0,host,0,7.0.0-28-generic,36.67975774306175,89.0,nan,nan
picoquic:bbr:default:gso0,n1-current-confirmatory-armB-gso0-picoquic-bbr-default-rep7,74002,22.548127696,38.906770612072904,1482,0.0039,0.300988,0.302738,0.304269,0.0025134795475736816,1.0,1.0,19,0.001999945947406827,0.002013486304239132,0.9992961487383798,1.0051062416998673,1.0101892430278885,0.006148565559924866,n1-current-confirmatory,B,picoquic,bbr,default,0,40.0,40.0,0,host,0,7.0.0-28-generic,36.69243420020824,88.0,nan,nan
picoquic:bbr:default:gso0,n1-current-confirmatory-armB-gso0-picoquic-bbr-default-rep8,74006,22.578114731,38.85719717755827,1482,0.00392,0.301039,0.302808,0.304289,0.00271603270049321,1,1.0,20,0.0020538875226333,0.0020674278764948313,0.9994654714475432,1.0053386454183266,1.0102556440903054,0.006459023038983852,n1-current-confirmatory,B,picoquic,bbr,default,0,40.0,40.0,0,host,0,7.0.0-28-generic,36.657848682583186,91.0,nan,nan
picoquic:bbr:default:gso0,n1-current-confirmatory-armB-gso0-picoquic-bbr-default-rep9,74101,22.566991268,38.92446084496797,1482.0,0.00395,0.301011,0.302811,0.304341,0.0028475033738191635,1.0,1.0,20,0.0023346513542327365,0.0021727395411605937,0.9993725099601594,1.0053486055776892,1.0104282868525896,0.006599190283400809,n1-current-confirmatory,B,picoquic,bbr,default,0,40.0,40.0,0,host,0,7.0.0-28-generic,36.577424354960925,98.0,nan,nan
picoquic:cubic:default:gso0,n1-current-confirmatory-armB-gso0-picoquic-cubic-default-rep1,86941,22.515831978,40.03324136015632,1294.0,0.00389,0.00534,0.221009,0.231819,0.3742351046698873,1,1.0,54,0.39805155220206806,0.3511847250977686,0.020257966616084977,0.8383877086494689,0.879396813353566,0.3935127674258109,n1-current-confirmatory,B,picoquic,cubic,default,0,40.0,40.0,0,host,0,7.0.0-28-generic,37.0899921346132,950.0,nan,nan
picoquic:cubic:default:gso0,n1-current-confirmatory-armB-gso0-picoquic-cubic-default-rep10,86752,22.33071014,40.276127465778835,1294,0.00047,0.00538,0.22082,0.2317,0.37301010939355167,1,1.0,55,0.39678624123939504,0.34932162165277636,0.020371775417298937,0.8376745068285281,0.8789112291350532,0.39216838998974074,n1-current-confirmatory,B,picoquic,cubic,default,0,40.0,40.0,0,host,0,7.0.0-28-generic,37.1644983927572,1270.0,nan,nan
picoquic:cubic:default:gso0,n1-current-confirmatory-armB-gso0-picoquic-cubic-default-rep2,86657,22.305822781,40.2762769533545,1294.0,0.00048,0.00539,0.222079,0.232109,0.3722304283604136,1,1.0,51,0.39591723692257985,0.35308576440177253,0.02040971168437026,0.8424468892261001,0.8804969650986343,0.3893556129985229,n1-current-confirmatory,B,picoquic,cubic,default,0,40.0,40.0,0,host,0,7.0.0-28-generic,37.14341261726141,1319.0,nan,nan
picoquic:cubic:default:gso0,n1-current-confirmatory-armB-gso0-picoquic-cubic-default-rep3,74626,22.008515615,40.16620182223953,1482,0.00047,0.00535,0.247958,0.271649,0.41995309882747067,1,1.0,68,0.4473105888028301,0.39701172529313233,0.017762284196547146,0.8232337317397078,0.9018891102257636,0.4344924623115578,n1-current-confirmatory,B,picoquic,cubic,default,0,40.0,40.0,0,host,0,7.0.0-28-generic,37.26406567298097,1299.0,nan,nan
picoquic:cubic:default:gso0,n1-current-confirmatory-armB-gso0-picoquic-cubic-default-rep4,87504,22.517064357,40.28730395834166,1294,0.00083,0.00538,0.220269,0.231669,0.3715986880449813,1.0,1.0,52,0.3951476503931249,0.34804520987851845,0.02040971168437026,0.8355804248861912,0.8788277693474962,0.3907751734226255,n1-current-confirmatory,B,picoquic,cubic,default,0,40.0,40.0,0,host,0,7.0.0-28-generic,37.15953591153717,1508.0,nan,nan
picoquic:cubic:default:gso0,n1-current-confirmatory-armB-gso0-picoquic-cubic-default-rep5,86106,22.524575746,39.62929424579804,1294,0.00049,0.00537,0.221099,0.232679,0.36580918645839383,1.0,1.0,17,0.38871855619817436,0.35052552116601826,0.020371775417298937,0.8387670713201821,0.8826972685887708,0.3829162069566227,n1-current-confirmatory,B,picoquic,cubic,default,0,40.0,40.0,0,host,0,7.0.0-28-generic,36.54249701930891,1354.0,nan,nan
picoquic:cubic:default:gso0,n1-current-confirmatory-armB-gso0-picoquic-cubic-default-rep6,87253,22.518452309,40.170540478861646,1294.0,0.00048,0.00537,0.221289,0.231439,0.3728166689588777,1.0,1.0,57,0.3965250478493576,0.3547998899738688,0.020371775417298937,0.8394878603945372,0.8778793626707132,0.3905010773392014,n1-current-confirmatory,B,picoquic,cubic,default,0,40.0,40.0,0,host,0,7.0.0-28-generic,37.15714060954873,1258.0,nan,nan
picoquic:cubic:default:gso0,n1-current-confirmatory-armB-gso0-picoquic-cubic-default-rep7,87337,22.469019553,40.29650185066088,1294.0,0.00048,0.00535,0.221149,0.231769,0.3718741412475955,1,1.0,56,0.39577727652655803,0.347829073921407,0.020295902883156296,0.8389567526555387,0.8792071320182094,0.3911788953009068,n1-current-confirmatory,B,picoquic,cubic,default,0,40.0,40.0,0,host,0,7.0.0-28-generic,37.152365689838085,1343.0,nan,nan
picoquic:cubic:default:gso0,n1-current-confirmatory-armB-gso0-picoquic-cubic-default-rep8,74217,21.949202015,40.0565673138892,1482.0,0.00062,0.00536,0.248809,0.272269,0.4236687506737092,1.0,3.0,55,0.45043588396189554,0.40101864826991485,0.017795484727755644,0.8263911022576361,0.9039475431606906,0.43571467069095615,n1-current-confirmatory,B,picoquic,cubic,default,0,40.0,40.0,0,host,0,7.0.0-28-generic,37.43153082224689,748.0,nan,nan
picoquic:cubic:default:gso0,n1-current-confirmatory-armB-gso0-picoquic-cubic-default-rep9,87887,22.515998773,40.46444846553022,1294.0,0.00048,0.00532,0.220111,0.231991,0.3712650479029652,1.0,1.0,53,0.3947910384926098,0.34964613248981635,0.020182094081942336,0.8350189681335357,0.8800834597875569,0.38922012607241196,n1-current-confirmatory,B,picoquic,cubic,default,0,40.0,40.0,0,host,0,7.0.0-28-generic,37.076084850558324,1895.0,nan,nan
quiche:bbr:fq:gso0,n1-current-confirmatory-armB-gso0-quiche-bbr-fq-rep1,81774,23.007223039,39.020636887737176,1392,0.00047,0.168149,0.275349,0.353798,0.09795409242659557,1.0,2.0,140,0.019798468951011325,0.08356058845829308,0.6017620056497175,0.976228813559322,1.3127754237288136,0.09851662529196678,n1-current-confirmatory,B,quiche,bbr,fq,0,40.0,40.0,0,host,0,7.0.0-28-generic,35.712927821575995,210.0,nan,nan
quiche:bbr:fq:gso0,n1-current-confirmatory-armB-gso0-quiche-bbr-fq-rep10,81771,22.754500759,39.42333560736067,1392.0,0.00047,0.20935,0.27351,0.3399,0.08023725082548612,1.0,2.0,140,0.022819826099717503,0.06448575272104684,0.7449858757062147,0.9701271186440678,1.2469314971751413,0.08084872202519261,n1-current-confirmatory,B,quiche,bbr,fq,0,40.0,40.0,0,host,0,7.0.0-28-generic,36.0537888444436,255.0,nan,nan
quiche:bbr:fq:gso0,n1-current-confirmatory-armB-gso0-quiche-bbr-fq-rep2,82112,23.199313405,38.86647851421618,1392,0.00046,0.211309,0.272869,0.340889,0.07631133465674514,1.0,2.0,142,0.022079598597038192,0.061830936171767485,0.752079802259887,0.9672281073446327,1.24635593220339,0.07668887238007088,n1-current-confirmatory,B,quiche,bbr,fq,0,40.0,40.0,0,host,0,7.0.0-28-generic,35.62948996390264,240.0,nan,nan
quiche:bbr:fq:gso0,n1-current-confirmatory-armB-gso0-quiche-bbr-fq-rep3,81601,22.801012543,39.21571492992798,1392.0,0.00046,0.211739,0.272139,0.341148,0.07426470588235294,1,2.0,103,0.01878653447874413,0.06053921568627451,0.7544456214689266,0.965603813559322,1.2558974358974357,0.07481617647058823,n1-current-confirmatory,B,quiche,bbr,fq,0,40.0,40.0,0,host,0,7.0.0-28-generic,35.89612373888687,205.0,nan,nan
quiche:bbr:fq:gso0,n1-current-confirmatory-armB-gso0-quiche-bbr-fq-rep4,81502,22.989543282,38.999275322793686,1392,0.00045,0.219799,0.272129,0.339559,0.068772162304757,1,2.0,141,0.019336948786532845,0.05614655034907547,0.7802930790960452,0.9643290960451978,1.2279237288135594,0.06932430276929118,n1-current-confirmatory,B,quiche,bbr,fq,0,40.0,40.0,0,host,0,7.0.0-28-generic,35.70115682613795,229.0,nan,nan
quiche:bbr:fq:gso0,n1-current-confirmatory-armB-gso0-quiche-bbr-fq-rep5,81884,22.984742441,39.02992823620999,1392,0.00047,0.215469,0.271969,0.340828,0.07254253019552288,1.0,2.0,141,0.019576474036441794,0.059670505477327405,0.7671927966101695,0.9650388418079096,1.249569209039548,0.07290890661065179,n1-current-confirmatory,B,quiche,bbr,fq,0,40.0,40.0,0,host,0,7.0.0-28-generic,35.72312043782521,199.0,nan,nan
quiche:bbr:fq:gso0,n1-current-confirmatory-armB-gso0-quiche-bbr-fq-rep6,81755,22.829260042,39.1994087567282,1392.0,0.00048,0.215239,0.271609,0.338059,0.07171514543630893,1.0,2.0,140,0.01778484496361079,0.05730606453506862,0.7659922316384181,0.9635911016949152,1.2438877118644067,0.07213102722802554,n1-current-confirmatory,B,quiche,bbr,fq,0,40.0,40.0,0,host,0,7.0.0-28-generic,35.88098451735759,201.0,nan,nan
quiche:bbr:fq:gso0,n1-current-confirmatory-armB-gso0-quiche-bbr-fq-rep7,81867,22.976439111,39.21334492465602,1392.0,0.00047,0.209499,0.273819,0.344458,0.0826716829941612,1,2.0,140,0.019714903440946903,0.06919844624141891,0.7434286723163842,0.9700176553672316,1.2560346045197741,0.08311142598881098,n1-current-confirmatory,B,quiche,bbr,fq,0,40.0,40.0,0,host,0,7.0.0-28-generic,35.88648770640983,198.0,nan,nan
quiche:bbr:fq:gso0,n1-current-confirmatory-armB-gso0-quiche-bbr-fq-rep8,82187,23.333204918,38.64319690195762,1392.0,0.00047,0.213819,0.271979,0.341609,0.0735891757720293,1,2.0,125,0.020319515251803814,0.06153116102499209,0.7597775423728813,0.965388418079096,1.2532097457627118,0.07389336383325627,n1-current-confirmatory,B,quiche,bbr,fq,0,40.0,40.0,0,host,0,7.0.0-28-generic,35.42072385616002,230.0,nan,nan
quiche:bbr:fq:gso0,n1-current-confirmatory-armB-gso0-quiche-bbr-fq-rep9,82169,22.905941818,39.242085880688066,1392.0,0.00047,0.1911,0.273271,0.354241,0.09315061824554571,1,2.0,141,0.01915564263895143,0.07842469087722714,0.6822422316384181,0.9712959039548023,1.334784604519774,0.09357657482231525,n1-current-confirmatory,B,quiche,bbr,fq,0,40.0,40.0,0,host,0,7.0.0-28-generic,35.90945600866243,201.0,nan,nan
quiche:cubic:default:gso0,n1-current-confirmatory-armB-gso0-quiche-cubic-default-rep1,87529,23.36462406,38.64589430933048,1392.0,0.00047,0.00923,0.263239,0.349209,0.11325518691161686,1.0,2.0,76,0.014783671697380298,0.10619458916004021,0.03259180790960452,0.9475953389830508,1.6595074224021593,0.1149689242299607,n1-current-confirmatory,B,quiche,cubic,default,0,40.0,40.0,0,host,0,7.0.0-28-generic,35.17704202445099,370.0,nan,nan
quiche:cubic:default:gso0,n1-current-confirmatory-armB-gso0-quiche-cubic-default-rep10,86322,23.337657887,38.63141727269078,1392,0.00047,0.00979,0.27004,0.35106,0.10793433811007751,1,2.0,77,0.01873218878153889,0.10266331483648243,0.03456920903954802,0.9745056497175141,1.523199152542373,0.10763313678015779,n1-current-confirmatory,B,quiche,cubic,default,0,40.0,40.0,0,host,0,7.0.0-28-generic,35.245727360081936,435.0,nan,nan
quiche:cubic:default:gso0,n1-current-confirmatory-armB-gso0-quiche-cubic-default-rep2,86947,23.385162865,38.59962204287175,1392.0,0.00046,0.009189,0.269258,0.349658,0.1107123961999402,1,2.0,83,0.017711939457370582,0.10642237710763003,0.03244703389830508,0.9734427966101695,1.5939194915254238,0.11058588089158788,n1-current-confirmatory,B,quiche,cubic,default,0,40.0,40.0,0,host,0,7.0.0-28-generic,35.12186771561088,441.0,nan,nan
quiche:cubic:default:gso0,n1-current-confirmatory-armB-gso0-quiche-cubic-default-rep3,87513,23.001326665,39.31096623986841,1392.0,0.00047,0.00891,0.265069,0.357969,0.14589999085839656,1,2.0,77,0.021962451292950762,0.13735259164457445,0.03146186440677966,0.9572704802259887,1.6939194915254236,0.14685985921930705,n1-current-confirmatory,B,quiche,cubic,default,0,40.0,40.0,0,host,0,7.0.0-28-generic,35.744039572613126,472.0,nan,nan
quiche:cubic:default:gso0,n1-current-confirmatory-armB-gso0-quiche-cubic-default-rep4,86780,24.165406915,37.494840918138124,1392,0.00047,0.0512,0.269189,0.350708,0.10147616358796482,1.0,2.0,117,0.02047706844895137,0.0968321829013932,0.19151785714285716,0.971465395480226,1.5420947802197802,0.10148768711324169,n1-current-confirmatory,B,quiche,cubic,default,0,40.0,40.0,0,host,0,7.0.0-28-generic,34.20075783678162,471.0,nan,nan
quiche:cubic:default:gso0,n1-current-confirmatory-armB-gso0-quiche-cubic-default-rep5,87781,23.440183703,38.64597937788611,1392.0,0.00046,0.00892,0.271018,0.361239,0.13238778765094555,1.0,2.0,77,0.015857645731992116,0.12812713602187287,0.031497175141242936,0.9819526836158192,1.7341196834817012,0.13229665071770336,n1-current-confirmatory,B,quiche,cubic,default,0,40.0,40.0,0,host,0,7.0.0-28-generic,35.27193161427808,347.0,nan,nan
quiche:cubic:default:gso0,n1-current-confirmatory-armB-gso0-quiche-cubic-default-rep6,87774,23.345150252,38.59741514933301,1392,0.00047,0.01254,0.266339,0.345898,0.10333473847310676,1.0,2.0,77,0.01248661334791624,0.09894842377496496,0.04706567796610169,0.9730190677966102,1.6350261437908498,0.10328916637234685,n1-current-confirmatory,B,quiche,cubic,default,0,40.0,40.0,0,host,0,7.0.0-28-generic,35.009016473531915,400.0,nan,nan
quiche:cubic:default:gso0,n1-current-confirmatory-armB-gso0-quiche-cubic-default-rep7,87657,23.425683257,38.56979120256872,1392.0,0.00046,0.01006,0.263649,0.343458,0.10939353837729306,1.0,2.0,78,0.016872582908381534,0.10135073469015242,0.035522598870056495,0.9440642655367232,1.591659604519774,0.11057999452404856,n1-current-confirmatory,B,quiche,cubic,default,0,40.0,40.0,0,host,0,7.0.0-28-generic,35.17345574388572,375.0,nan,nan
quiche:cubic:default:gso0,n1-current-confirmatory-armB-gso0-quiche-cubic-default-rep8,88068,23.925904481,37.700354472129014,1392,0.00046,0.00976,0.262179,0.344059,0.1093372091702908,1,2.0,83,0.013705318617431985,0.10225169473241963,0.03446327683615819,0.9422634180790961,1.7200412541254126,0.1118239522181975,n1-current-confirmatory,B,quiche,cubic,default,0,40.0,40.0,0,host,0,7.0.0-28-generic,34.284452664927535,362.0,nan,nan
quiche:cubic:default:gso0,n1-current-confirmatory-armB-gso0-quiche-cubic-default-rep9,88682,23.52393222,38.5181949822843,1392,0.00046,0.00905,0.262271,0.343921,0.11916870581071481,1.0,2.0,83,0.02185336370402111,0.11098205929116722,0.03195621468926554,0.9413877118644067,1.7354318488529015,0.12102930729243017,n1-current-confirmatory,B,quiche,cubic,default,0,40.0,40.0,0,host,0,7.0.0-28-generic,35.08222917426645,437.0,nan,nan
quiche:cubic:fq:gso0,n1-current-confirmatory-armB-gso0-quiche-cubic-fq-rep1,87558,23.116769372,39.18850534094432,1392,0.00047,0.00902,0.264279,0.349679,0.12452459540642095,1,2.0,77,0.01865049452934055,0.11726075585047455,0.03185028248587571,0.9469597457627119,1.6308870967741935,0.12534691686558472,n1-current-confirmatory,B,quiche,cubic,fq,0,40.0,40.0,0,host,0,7.0.0-28-generic,35.6448439227896,342.0,nan,nan
quiche:cubic:fq:gso0,n1-current-confirmatory-armB-gso0-quiche-cubic-fq-rep10,88230,24.319366253,37.25856465886419,1392,0.00047,0.00918,0.26454,0.35209,0.11768239467748699,1,2.0,77,0.012750765045902755,0.10862641535096171,0.03241525423728814,0.9477754237288135,1.7659957627118643,0.12027791315780526,n1-current-confirmatory,B,quiche,cubic,fq,0,40.0,40.0,0,host,0,7.0.0-28-generic,34.010266835435104,390.0,nan,nan
quiche:cubic:fq:gso0,n1-current-confirmatory-armB-gso0-quiche-cubic-fq-rep2,90048,23.586442569,38.4553778021666,1392,0.00047,0.0091,0.263049,0.340148,0.12042599975568315,1.0,2.0,83,0.02999511371712864,0.11330749497484646,0.03213276836158192,0.9720303672316384,1.7780261299435027,0.11999289260053084,n1-current-confirmatory,B,quiche,cubic,fq,0,40.0,40.0,0,host,0,7.0.0-28-generic,34.9292624311992,568.0,nan,nan
quiche:cubic:fq:gso0,n1-current-confirmatory-armB-gso0-quiche-cubic-fq-rep3,87968,23.647915824,38.225874226200474,1392,0.00047,0.00913,0.267999,0.346899,0.1112576307024225,1,2.0,77,0.016881138595853037,0.1064831129855514,0.03223870056497175,0.9727718926553672,1.6710381355932202,0.11120079120579308,n1-current-confirmatory,B,quiche,cubic,fq,0,40.0,40.0,0,host,0,7.0.0-28-generic,34.83040840261341,454.0,nan,nan
quiche:cubic:fq:gso0,n1-current-confirmatory-armB-gso0-quiche-cubic-fq-rep4,87963,23.00967292,39.37675581700533,1392.0,0.00047,0.00917,0.263519,0.346888,0.12642959459766717,1.0,2.0,98,0.021213464752225367,0.11766444601077738,0.03237994350282486,0.9442055084745763,1.6162358757062147,0.12754371205747936,n1-current-confirmatory,B,quiche,cubic,fq,0,40.0,40.0,0,host,0,7.0.0-28-generic,35.747876036426675,420.0,nan,nan
quiche:cubic:fq:gso0,n1-current-confirmatory-armB-gso0-quiche-cubic-fq-rep5,86757,23.80528978,37.988876941114896,1392.0,0.00047,0.00935,0.269869,0.356128,0.10927198118862096,1,2.0,77,0.01407379231647014,0.10468440223154594,0.03301553672316384,0.9785628531073446,1.5796892655367232,0.10923740144773848,n1-current-confirmatory,B,quiche,cubic,fq,0,40.0,40.0,0,host,0,7.0.0-28-generic,34.57446139200559,390.0,nan,nan
quiche:cubic:fq:gso0,n1-current-confirmatory-armB-gso0-quiche-cubic-fq-rep6,86806,24.159748196,37.476882650205255,1392,0.00047,0.178859,0.268959,0.346588,0.09529404988191924,1.0,2.0,111,0.015448240905006566,0.09067450031680203,0.6683227401129943,0.9722775423728813,1.5364689265536724,0.09515580899717759,n1-current-confirmatory,B,quiche,cubic,fq,0,40.0,40.0,0,host,0,7.0.0-28-generic,34.18274049004899,391.0,nan,nan
quiche:cubic:fq:gso0,n1-current-confirmatory-armB-gso0-quiche-cubic-fq-rep7,87291,23.371656344,38.541948877801794,1392.0,0.00047,0.00922,0.268018,0.354089,0.11421697788979264,1,2.0,83,0.016301795144974856,0.10905029212968266,0.032556497175141245,0.9753848870056497,1.6386881188118811,0.11396494443807996,n1-current-confirmatory,B,quiche,cubic,fq,0,40.0,40.0,0,host,0,7.0.0-28-generic,35.17159305435966,391.0,nan,nan
quiche:cubic:fq:gso0,n1-current-confirmatory-armB-gso0-quiche-cubic-fq-rep8,86987,23.39718881,38.52108111444522,1392.0,0.00047,0.017639,0.263879,0.343548,0.10505138757961051,1,2.0,83,0.01405957211997195,0.09725702986687514,0.16292134831460675,0.9436052259887006,1.6186204481792716,0.1068677718253512,n1-current-confirmatory,B,quiche,cubic,fq,0,40.0,40.0,0,host,0,7.0.0-28-generic,35.056494565731576,347.0,nan,nan
quiche:cubic:fq:gso0,n1-current-confirmatory-armB-gso0-quiche-cubic-fq-rep9,88770,23.909637772,37.709556648150794,1392,0.00047,0.00911,0.266061,0.349252,0.11789025448073089,1,2.0,79,0.020874169201306747,0.11261814372134417,0.032168079096045195,0.9748269774011299,1.7711119515885023,0.11785645889893995,n1-current-confirmatory,B,quiche,cubic,fq,0,40.0,40.0,0,host,0,7.0.0-28-generic,34.24518009948521,461.0,nan,nan
