arm,cca,run,client_runtime_s,sender_capture_span_s,runtime_minus_capture_span_s,idle_close_logged,client_command_logged,exit_on_streams_option_logged,client_time_source,client_time_sha256,client_log_source,client_log_sha256,capture_span_source,capture_span_source_sha256
A,bbr,n1-confirmatory-armA-gso0-ngtcp2-bbr-default-rep1,58.188034429,28.094383558,30.093650870999998,1,1,0,results-own/n1-confirmatory/arm-A-gso0/n1-confirmatory-armA-gso0-ngtcp2-bbr-default-rep1/client/time.json,18587d20dacf42abd38a44b18060727753255af0430d335ce2b40539bec65ab7,results-own/n1-confirmatory/arm-A-gso0/n1-confirmatory-armA-gso0-ngtcp2-bbr-default-rep1/client/logs/client.log,cf080da761e8c6c67d79e87d1f00e443d6443ba2478f9ee23906c773274f1724,analysis-own/build/n1-confirmatory-arm-A-gso0.csv,9a3d2088d7b3fc11583933ef76f906d8fff3a03c80b303c4492682340fe3f13f
A,bbr,n1-confirmatory-armA-gso0-ngtcp2-bbr-default-rep10,69.991786996,39.905749066,30.086037930000003,1,1,0,results-own/n1-confirmatory/arm-A-gso0/n1-confirmatory-armA-gso0-ngtcp2-bbr-default-rep10/client/time.json,7ea6e3a3ee57f42f14887ef2effe65494027d2c45f463755247c3b07e41ac61e,results-own/n1-confirmatory/arm-A-gso0/n1-confirmatory-armA-gso0-ngtcp2-bbr-default-rep10/client/logs/client.log,68222fa3139679648a0a911d4c374c6e4459eb975dcffdd8500dc9c7db510a60,analysis-own/build/n1-confirmatory-arm-A-gso0.csv,9a3d2088d7b3fc11583933ef76f906d8fff3a03c80b303c4492682340fe3f13f
A,bbr,n1-confirmatory-armA-gso0-ngtcp2-bbr-default-rep2,63.286543102,33.200746045,30.085797057,1,1,0,results-own/n1-confirmatory/arm-A-gso0/n1-confirmatory-armA-gso0-ngtcp2-bbr-default-rep2/client/time.json,8dba0ec16eaeae13b2cc9e9e2a5b0f8d37b8d269c033294e634a7a6e387683b8,results-own/n1-confirmatory/arm-A-gso0/n1-confirmatory-armA-gso0-ngtcp2-bbr-default-rep2/client/logs/client.log,fd006e2817a688f0909f451e3647bfca6698a844755f218ed0ce22dbe3fb4f41,analysis-own/build/n1-confirmatory-arm-A-gso0.csv,9a3d2088d7b3fc11583933ef76f906d8fff3a03c80b303c4492682340fe3f13f
A,bbr,n1-confirmatory-armA-gso0-ngtcp2-bbr-default-rep3,63.272991446,33.158352302,30.114639144,1,1,0,results-own/n1-confirmatory/arm-A-gso0/n1-confirmatory-armA-gso0-ngtcp2-bbr-default-rep3/client/time.json,7b44137d2f6b91ce51b9880bf458b0d0f8ff4601aab43ddd7e936793981c646c,results-own/n1-confirmatory/arm-A-gso0/n1-confirmatory-armA-gso0-ngtcp2-bbr-default-rep3/client/logs/client.log,58a221bf44e425f7c3d6fb710b047fafbc366413134cd31cbd3eb2ffd17c8ffa,analysis-own/build/n1-confirmatory-arm-A-gso0.csv,9a3d2088d7b3fc11583933ef76f906d8fff3a03c80b303c4492682340fe3f13f
A,bbr,n1-confirmatory-armA-gso0-ngtcp2-bbr-default-rep4,68.130094217,38.044679775,30.08541444200001,1,1,0,results-own/n1-confirmatory/arm-A-gso0/n1-confirmatory-armA-gso0-ngtcp2-bbr-default-rep4/client/time.json,bcefd80055e9b881aecef477648d874ac214a3a4f656f7bf0a9dd7fbf9ba94b7,results-own/n1-confirmatory/arm-A-gso0/n1-confirmatory-armA-gso0-ngtcp2-bbr-default-rep4/client/logs/client.log,b035364bdfecfa223c07d1f5214d24092ff04822837b28dc24aef8395a06d05d,analysis-own/build/n1-confirmatory-arm-A-gso0.csv,9a3d2088d7b3fc11583933ef76f906d8fff3a03c80b303c4492682340fe3f13f
A,bbr,n1-confirmatory-armA-gso0-ngtcp2-bbr-default-rep5,67.607257065,37.521515915,30.085741149999997,1,1,0,results-own/n1-confirmatory/arm-A-gso0/n1-confirmatory-armA-gso0-ngtcp2-bbr-default-rep5/client/time.json,c1a62bf4855504bbabb19f9680267e4bfc916c62a0df486fe142cd385a04172c,results-own/n1-confirmatory/arm-A-gso0/n1-confirmatory-armA-gso0-ngtcp2-bbr-default-rep5/client/logs/client.log,c082c844175fa5e73f1128259269d11b4da89e724f5b3acd95df9538631eda5a,analysis-own/build/n1-confirmatory-arm-A-gso0.csv,9a3d2088d7b3fc11583933ef76f906d8fff3a03c80b303c4492682340fe3f13f
A,bbr,n1-confirmatory-armA-gso0-ngtcp2-bbr-default-rep6,68.00693408,37.920720503,30.086213576999995,1,1,0,results-own/n1-confirmatory/arm-A-gso0/n1-confirmatory-armA-gso0-ngtcp2-bbr-default-rep6/client/time.json,eafcffeb407213b5659d691556567d2a13da560aab2dd4f4aafb374bc93c6ff4,results-own/n1-confirmatory/arm-A-gso0/n1-confirmatory-armA-gso0-ngtcp2-bbr-default-rep6/client/logs/client.log,a73c6932ab750f12fcca17c5000e87aa061fc853157417b95ac8662d14b5b7e1,analysis-own/build/n1-confirmatory-arm-A-gso0.csv,9a3d2088d7b3fc11583933ef76f906d8fff3a03c80b303c4492682340fe3f13f
A,bbr,n1-confirmatory-armA-gso0-ngtcp2-bbr-default-rep7,68.586104149,38.500230345,30.085873803999995,1,1,0,results-own/n1-confirmatory/arm-A-gso0/n1-confirmatory-armA-gso0-ngtcp2-bbr-default-rep7/client/time.json,75fd516e72f2da058a4bcd4f5ae972de8384806ce4a8baa0432c15de31933168,results-own/n1-confirmatory/arm-A-gso0/n1-confirmatory-armA-gso0-ngtcp2-bbr-default-rep7/client/logs/client.log,66a19085d791a447f76f11a086b1d7fc218ce64a8544391725b7b19f4a7a0f92,analysis-own/build/n1-confirmatory-arm-A-gso0.csv,9a3d2088d7b3fc11583933ef76f906d8fff3a03c80b303c4492682340fe3f13f
A,bbr,n1-confirmatory-armA-gso0-ngtcp2-bbr-default-rep8,66.54283868,36.456154971,30.086683709000006,1,1,0,results-own/n1-confirmatory/arm-A-gso0/n1-confirmatory-armA-gso0-ngtcp2-bbr-default-rep8/client/time.json,d696308748a1aa36a2592cfd6a1d464a27775cc1505c3cb30da8fc156eb08479,results-own/n1-confirmatory/arm-A-gso0/n1-confirmatory-armA-gso0-ngtcp2-bbr-default-rep8/client/logs/client.log,232aeda9be457aa7a1c0027d17b6ccd54120ba4096ee4fe32cd2beec57a5c253,analysis-own/build/n1-confirmatory-arm-A-gso0.csv,9a3d2088d7b3fc11583933ef76f906d8fff3a03c80b303c4492682340fe3f13f
A,bbr,n1-confirmatory-armA-gso0-ngtcp2-bbr-default-rep9,67.326106907,37.257982371,30.068124536,1,1,0,results-own/n1-confirmatory/arm-A-gso0/n1-confirmatory-armA-gso0-ngtcp2-bbr-default-rep9/client/time.json,9c82952e0e12a93fa0dec1f004c5dde48ea18a4874d6ac8c0782492d0e3275da,results-own/n1-confirmatory/arm-A-gso0/n1-confirmatory-armA-gso0-ngtcp2-bbr-default-rep9/client/logs/client.log,f392cb4cc02d66e15bc1dfaa6b67a3d4e0c96229602eb4b767f6dbe4a09e07dc,analysis-own/build/n1-confirmatory-arm-A-gso0.csv,9a3d2088d7b3fc11583933ef76f906d8fff3a03c80b303c4492682340fe3f13f
A,cubic,n1-confirmatory-armA-gso0-ngtcp2-cubic-default-rep1,53.191564233,23.105305639,30.086258594,1,1,0,results-own/n1-confirmatory/arm-A-gso0/n1-confirmatory-armA-gso0-ngtcp2-cubic-default-rep1/client/time.json,d4a3eba6279084f7dca43cbb225fe6d3570156e25df83d493378eba310a6210c,results-own/n1-confirmatory/arm-A-gso0/n1-confirmatory-armA-gso0-ngtcp2-cubic-default-rep1/client/logs/client.log,f952e6fb3a15f1224f5e28f87d6dc708b938239130c682118209871763ec0425,analysis-own/build/n1-confirmatory-arm-A-gso0.csv,9a3d2088d7b3fc11583933ef76f906d8fff3a03c80b303c4492682340fe3f13f
A,cubic,n1-confirmatory-armA-gso0-ngtcp2-cubic-default-rep10,59.766015841,29.695060981,30.070954859999997,1,1,0,results-own/n1-confirmatory/arm-A-gso0/n1-confirmatory-armA-gso0-ngtcp2-cubic-default-rep10/client/time.json,397b793ad69601ae31ca7a87a2138100ff0d7756afbb2185e5a8ed9a2d58c946,results-own/n1-confirmatory/arm-A-gso0/n1-confirmatory-armA-gso0-ngtcp2-cubic-default-rep10/client/logs/client.log,51e4f66c57b8f5de50e34eb2efdebccca088344e206b6d27b817b5c74eb87dac,analysis-own/build/n1-confirmatory-arm-A-gso0.csv,9a3d2088d7b3fc11583933ef76f906d8fff3a03c80b303c4492682340fe3f13f
A,cubic,n1-confirmatory-armA-gso0-ngtcp2-cubic-default-rep2,56.985733126,26.899126129,30.086606997,1,1,0,results-own/n1-confirmatory/arm-A-gso0/n1-confirmatory-armA-gso0-ngtcp2-cubic-default-rep2/client/time.json,f4b344a6a28090a523b74cd87564c8f7398da213e731011aaf67ffac0114a0a4,results-own/n1-confirmatory/arm-A-gso0/n1-confirmatory-armA-gso0-ngtcp2-cubic-default-rep2/client/logs/client.log,11e147dbb34c3b79b41f9df3bd3a174a52ba265086b590c169b5c73b8318b4e3,analysis-own/build/n1-confirmatory-arm-A-gso0.csv,9a3d2088d7b3fc11583933ef76f906d8fff3a03c80b303c4492682340fe3f13f
A,cubic,n1-confirmatory-armA-gso0-ngtcp2-cubic-default-rep3,56.424479732,26.343134287,30.081345445,1,1,0,results-own/n1-confirmatory/arm-A-gso0/n1-confirmatory-armA-gso0-ngtcp2-cubic-default-rep3/client/time.json,217bba4c5321c191e2ab39f2c0f050f8d7b12a9cde5f9f83360e08453c2a0943,results-own/n1-confirmatory/arm-A-gso0/n1-confirmatory-armA-gso0-ngtcp2-cubic-default-rep3/client/logs/client.log,121c962c7ebaa7350859351feaf8aebb2b093937aa5c286dc9f16a73027cac30,analysis-own/build/n1-confirmatory-arm-A-gso0.csv,9a3d2088d7b3fc11583933ef76f906d8fff3a03c80b303c4492682340fe3f13f
A,cubic,n1-confirmatory-armA-gso0-ngtcp2-cubic-default-rep4,59.43274457,29.347208444,30.085536125999997,1,1,0,results-own/n1-confirmatory/arm-A-gso0/n1-confirmatory-armA-gso0-ngtcp2-cubic-default-rep4/client/time.json,619a63acb7390c1312052a725ad5db2cb4e6ab278bce6315031fd7176dfcf658,results-own/n1-confirmatory/arm-A-gso0/n1-confirmatory-armA-gso0-ngtcp2-cubic-default-rep4/client/logs/client.log,67e9c75187944f6d3a4a015d8e4484dcf464122658a8c214ac77b98f13197196,analysis-own/build/n1-confirmatory-arm-A-gso0.csv,9a3d2088d7b3fc11583933ef76f906d8fff3a03c80b303c4492682340fe3f13f
A,cubic,n1-confirmatory-armA-gso0-ngtcp2-cubic-default-rep5,53.754212885,23.666482767,30.087730118,1,1,0,results-own/n1-confirmatory/arm-A-gso0/n1-confirmatory-armA-gso0-ngtcp2-cubic-default-rep5/client/time.json,795842f3aeacd30d0e4b00342c86b9958e538a8a31d45cf9baa367fadc0a26f5,results-own/n1-confirmatory/arm-A-gso0/n1-confirmatory-armA-gso0-ngtcp2-cubic-default-rep5/client/logs/client.log,835b2f68a37ba1444f0bb6652f3204d8bdc705644df4e332f502a4738f264143,analysis-own/build/n1-confirmatory-arm-A-gso0.csv,9a3d2088d7b3fc11583933ef76f906d8fff3a03c80b303c4492682340fe3f13f
A,cubic,n1-confirmatory-armA-gso0-ngtcp2-cubic-default-rep6,56.096157973,26.010490184,30.085667789,1,1,0,results-own/n1-confirmatory/arm-A-gso0/n1-confirmatory-armA-gso0-ngtcp2-cubic-default-rep6/client/time.json,fc193cef970ac3eba27eb67dc218d0148549493f3f1c0000eef35b6d460bc176,results-own/n1-confirmatory/arm-A-gso0/n1-confirmatory-armA-gso0-ngtcp2-cubic-default-rep6/client/logs/client.log,fd8b9ecbb6f660de0f2694baeea55a8cdfa14aba6fb8b4abc72f951ef5c907b3,analysis-own/build/n1-confirmatory-arm-A-gso0.csv,9a3d2088d7b3fc11583933ef76f906d8fff3a03c80b303c4492682340fe3f13f
A,cubic,n1-confirmatory-armA-gso0-ngtcp2-cubic-default-rep7,60.591372616,30.505053875,30.086318741,1,1,0,results-own/n1-confirmatory/arm-A-gso0/n1-confirmatory-armA-gso0-ngtcp2-cubic-default-rep7/client/time.json,a755d8deb2a1e76917ee7f30745b247eb520707902b86e59732953936df2a972,results-own/n1-confirmatory/arm-A-gso0/n1-confirmatory-armA-gso0-ngtcp2-cubic-default-rep7/client/logs/client.log,12e4a4ccf67d4c237f857ad58c76a01f192933bc684ba20efe7bfc7351658c2f,analysis-own/build/n1-confirmatory-arm-A-gso0.csv,9a3d2088d7b3fc11583933ef76f906d8fff3a03c80b303c4492682340fe3f13f
A,cubic,n1-confirmatory-armA-gso0-ngtcp2-cubic-default-rep8,57.509062053,27.422912805,30.086149248,1,1,0,results-own/n1-confirmatory/arm-A-gso0/n1-confirmatory-armA-gso0-ngtcp2-cubic-default-rep8/client/time.json,4b6fbb65a9081e0302869c2ce59468584d3f1413818f0a64c6b9cdf49dee9b96,results-own/n1-confirmatory/arm-A-gso0/n1-confirmatory-armA-gso0-ngtcp2-cubic-default-rep8/client/logs/client.log,9b1dd844874ca4fc09346cabfbafdff6527c319463291a08dbdea6c39b0b76a9,analysis-own/build/n1-confirmatory-arm-A-gso0.csv,9a3d2088d7b3fc11583933ef76f906d8fff3a03c80b303c4492682340fe3f13f
A,cubic,n1-confirmatory-armA-gso0-ngtcp2-cubic-default-rep9,55.818626208,25.732291383,30.086334824999998,1,1,0,results-own/n1-confirmatory/arm-A-gso0/n1-confirmatory-armA-gso0-ngtcp2-cubic-default-rep9/client/time.json,8440653548e1646036826f09bfac69c917abcd15fe10736fa1d74e81206f3bda,results-own/n1-confirmatory/arm-A-gso0/n1-confirmatory-armA-gso0-ngtcp2-cubic-default-rep9/client/logs/client.log,534c80d24b579fbe99864619b95c18990f903ad745e2b3578be97eae8f4a4d55,analysis-own/build/n1-confirmatory-arm-A-gso0.csv,9a3d2088d7b3fc11583933ef76f906d8fff3a03c80b303c4492682340fe3f13f
B,bbr,n1-current-confirmatory-armB-gso0-ngtcp2-bbr-default-rep1,23.63773011,23.427172857,0.21055725300000105,0,0,,results-own/n1-current-confirmatory/arm-B-gso0/n1-current-confirmatory-armB-gso0-ngtcp2-bbr-default-rep1/client/time.json,ce1526ced897f0a18dca79d3475a90623f884fd1398819340410c78998f3ebac,results-own/n1-current-confirmatory/arm-B-gso0/n1-current-confirmatory-armB-gso0-ngtcp2-bbr-default-rep1/client/logs/client.log,e3b0c44298fc1c149afbf4c8996fb92427ae41e4649b934ca495991b7852b855,analysis-own/build/n1-current-confirmatory-arm-B-gso0.csv,886b793107c332234853e8c98477df8597855986f7ba879fde79a110af3f7fdb
B,bbr,n1-current-confirmatory-armB-gso0-ngtcp2-bbr-default-rep10,23.607087398,23.51429382,0.09279357800000199,0,0,,results-own/n1-current-confirmatory/arm-B-gso0/n1-current-confirmatory-armB-gso0-ngtcp2-bbr-default-rep10/client/time.json,038670ae8f49a1ff73adb15e1d3bb393ca277b9c0478ad228e6b860925838458,results-own/n1-current-confirmatory/arm-B-gso0/n1-current-confirmatory-armB-gso0-ngtcp2-bbr-default-rep10/client/logs/client.log,e3b0c44298fc1c149afbf4c8996fb92427ae41e4649b934ca495991b7852b855,analysis-own/build/n1-current-confirmatory-arm-B-gso0.csv,886b793107c332234853e8c98477df8597855986f7ba879fde79a110af3f7fdb
B,bbr,n1-current-confirmatory-armB-gso0-ngtcp2-bbr-default-rep2,23.710874623,23.435836415,0.275038207999998,0,0,,results-own/n1-current-confirmatory/arm-B-gso0/n1-current-confirmatory-armB-gso0-ngtcp2-bbr-default-rep2/client/time.json,35339f50ce9731785530dd2873ad0a207e1317c936848d4c9b2271e2aa5ef207,results-own/n1-current-confirmatory/arm-B-gso0/n1-current-confirmatory-armB-gso0-ngtcp2-bbr-default-rep2/client/logs/client.log,e3b0c44298fc1c149afbf4c8996fb92427ae41e4649b934ca495991b7852b855,analysis-own/build/n1-current-confirmatory-arm-B-gso0.csv,886b793107c332234853e8c98477df8597855986f7ba879fde79a110af3f7fdb
B,bbr,n1-current-confirmatory-armB-gso0-ngtcp2-bbr-default-rep3,23.681723112,23.361587115,0.3201359970000013,0,0,,results-own/n1-current-confirmatory/arm-B-gso0/n1-current-confirmatory-armB-gso0-ngtcp2-bbr-default-rep3/client/time.json,bf75eb95a6277fbc1d9057598c8a9d88831e78cc3720ecc69bbe8a4eab969104,results-own/n1-current-confirmatory/arm-B-gso0/n1-current-confirmatory-armB-gso0-ngtcp2-bbr-default-rep3/client/logs/client.log,e3b0c44298fc1c149afbf4c8996fb92427ae41e4649b934ca495991b7852b855,analysis-own/build/n1-current-confirmatory-arm-B-gso0.csv,886b793107c332234853e8c98477df8597855986f7ba879fde79a110af3f7fdb
B,bbr,n1-current-confirmatory-armB-gso0-ngtcp2-bbr-default-rep4,23.841706984,23.631124763,0.2105822210000028,0,0,,results-own/n1-current-confirmatory/arm-B-gso0/n1-current-confirmatory-armB-gso0-ngtcp2-bbr-default-rep4/client/time.json,50ad614920a9ca7d56c9862ba7ecad6badd6507b099f78d211cce8b4e896fc24,results-own/n1-current-confirmatory/arm-B-gso0/n1-current-confirmatory-armB-gso0-ngtcp2-bbr-default-rep4/client/logs/client.log,e3b0c44298fc1c149afbf4c8996fb92427ae41e4649b934ca495991b7852b855,analysis-own/build/n1-current-confirmatory-arm-B-gso0.csv,886b793107c332234853e8c98477df8597855986f7ba879fde79a110af3f7fdb
B,bbr,n1-current-confirmatory-armB-gso0-ngtcp2-bbr-default-rep5,23.831533925,23.719476691,0.11205723399999812,0,0,,results-own/n1-current-confirmatory/arm-B-gso0/n1-current-confirmatory-armB-gso0-ngtcp2-bbr-default-rep5/client/time.json,6b6c4e1b8ddd0d42170d6a55e37ed99d55ce82c734b82accd4cdb4d1e2fa81f9,results-own/n1-current-confirmatory/arm-B-gso0/n1-current-confirmatory-armB-gso0-ngtcp2-bbr-default-rep5/client/logs/client.log,e3b0c44298fc1c149afbf4c8996fb92427ae41e4649b934ca495991b7852b855,analysis-own/build/n1-current-confirmatory-arm-B-gso0.csv,886b793107c332234853e8c98477df8597855986f7ba879fde79a110af3f7fdb
B,bbr,n1-current-confirmatory-armB-gso0-ngtcp2-bbr-default-rep6,23.739237609,23.424441146,0.3147964630000004,0,0,,results-own/n1-current-confirmatory/arm-B-gso0/n1-current-confirmatory-armB-gso0-ngtcp2-bbr-default-rep6/client/time.json,bf9f36c082f185d8c8d053582b070622b91f21e874fbcbdeeab0d78d61e332a6,results-own/n1-current-confirmatory/arm-B-gso0/n1-current-confirmatory-armB-gso0-ngtcp2-bbr-default-rep6/client/logs/client.log,e3b0c44298fc1c149afbf4c8996fb92427ae41e4649b934ca495991b7852b855,analysis-own/build/n1-current-confirmatory-arm-B-gso0.csv,886b793107c332234853e8c98477df8597855986f7ba879fde79a110af3f7fdb
B,bbr,n1-current-confirmatory-armB-gso0-ngtcp2-bbr-default-rep7,24.007072838,23.667568006,0.33950483199999937,0,0,,results-own/n1-current-confirmatory/arm-B-gso0/n1-current-confirmatory-armB-gso0-ngtcp2-bbr-default-rep7/client/time.json,b6e2783effa5b63cfaf92271e91a31dec862548a0b0504fbb5eb9e82c274622f,results-own/n1-current-confirmatory/arm-B-gso0/n1-current-confirmatory-armB-gso0-ngtcp2-bbr-default-rep7/client/logs/client.log,e3b0c44298fc1c149afbf4c8996fb92427ae41e4649b934ca495991b7852b855,analysis-own/build/n1-current-confirmatory-arm-B-gso0.csv,886b793107c332234853e8c98477df8597855986f7ba879fde79a110af3f7fdb
B,bbr,n1-current-confirmatory-armB-gso0-ngtcp2-bbr-default-rep8,23.847803865,23.709974597,0.13782926800000084,0,0,,results-own/n1-current-confirmatory/arm-B-gso0/n1-current-confirmatory-armB-gso0-ngtcp2-bbr-default-rep8/client/time.json,6de2ac85388905a7d9999631890882adceefcdfbbc8555ff9d2fb7f69f247796,results-own/n1-current-confirmatory/arm-B-gso0/n1-current-confirmatory-armB-gso0-ngtcp2-bbr-default-rep8/client/logs/client.log,e3b0c44298fc1c149afbf4c8996fb92427ae41e4649b934ca495991b7852b855,analysis-own/build/n1-current-confirmatory-arm-B-gso0.csv,886b793107c332234853e8c98477df8597855986f7ba879fde79a110af3f7fdb
B,bbr,n1-current-confirmatory-armB-gso0-ngtcp2-bbr-default-rep9,23.763814912,23.676465634,0.08734927800000136,0,0,,results-own/n1-current-confirmatory/arm-B-gso0/n1-current-confirmatory-armB-gso0-ngtcp2-bbr-default-rep9/client/time.json,614e0920055bfce4d648d14d02adc07acfd9cbc201532405070a7d3bb94d217e,results-own/n1-current-confirmatory/arm-B-gso0/n1-current-confirmatory-armB-gso0-ngtcp2-bbr-default-rep9/client/logs/client.log,e3b0c44298fc1c149afbf4c8996fb92427ae41e4649b934ca495991b7852b855,analysis-own/build/n1-current-confirmatory-arm-B-gso0.csv,886b793107c332234853e8c98477df8597855986f7ba879fde79a110af3f7fdb
B,cubic,n1-current-confirmatory-armB-gso0-ngtcp2-cubic-default-rep1,22.507443472,22.326121562,0.18132190999999764,0,0,,results-own/n1-current-confirmatory/arm-B-gso0/n1-current-confirmatory-armB-gso0-ngtcp2-cubic-default-rep1/client/time.json,582d333f652d4eacc5d160eb2e5ddb6d55755719555a0f17c8d227ca61c3c7fb,results-own/n1-current-confirmatory/arm-B-gso0/n1-current-confirmatory-armB-gso0-ngtcp2-cubic-default-rep1/client/logs/client.log,e3b0c44298fc1c149afbf4c8996fb92427ae41e4649b934ca495991b7852b855,analysis-own/build/n1-current-confirmatory-arm-B-gso0.csv,886b793107c332234853e8c98477df8597855986f7ba879fde79a110af3f7fdb
B,cubic,n1-current-confirmatory-armB-gso0-ngtcp2-cubic-default-rep10,22.506197427,22.411423767,0.09477366000000131,0,0,,results-own/n1-current-confirmatory/arm-B-gso0/n1-current-confirmatory-armB-gso0-ngtcp2-cubic-default-rep10/client/time.json,2cbb83a96c4ac35f0674e5f0b6141a955aa1bcdd62cc2904375b62ad51690974,results-own/n1-current-confirmatory/arm-B-gso0/n1-current-confirmatory-armB-gso0-ngtcp2-cubic-default-rep10/client/logs/client.log,e3b0c44298fc1c149afbf4c8996fb92427ae41e4649b934ca495991b7852b855,analysis-own/build/n1-current-confirmatory-arm-B-gso0.csv,886b793107c332234853e8c98477df8597855986f7ba879fde79a110af3f7fdb
B,cubic,n1-current-confirmatory-armB-gso0-ngtcp2-cubic-default-rep2,22.507682905,22.367732202,0.13995070300000023,0,0,,results-own/n1-current-confirmatory/arm-B-gso0/n1-current-confirmatory-armB-gso0-ngtcp2-cubic-default-rep2/client/time.json,deb3598943ecd28452da5062a98fc88c7cc7bd21ebfb0b7fd2519d1036f10162,results-own/n1-current-confirmatory/arm-B-gso0/n1-current-confirmatory-armB-gso0-ngtcp2-cubic-default-rep2/client/logs/client.log,e3b0c44298fc1c149afbf4c8996fb92427ae41e4649b934ca495991b7852b855,analysis-own/build/n1-current-confirmatory-arm-B-gso0.csv,886b793107c332234853e8c98477df8597855986f7ba879fde79a110af3f7fdb
B,cubic,n1-current-confirmatory-armB-gso0-ngtcp2-cubic-default-rep3,22.505281768,22.379246412,0.12603535599999915,0,0,,results-own/n1-current-confirmatory/arm-B-gso0/n1-current-confirmatory-armB-gso0-ngtcp2-cubic-default-rep3/client/time.json,febb84f72c4a2e724e091e99b7f1c6fd07bee799e233e3f0b030b76dba65017c,results-own/n1-current-confirmatory/arm-B-gso0/n1-current-confirmatory-armB-gso0-ngtcp2-cubic-default-rep3/client/logs/client.log,e3b0c44298fc1c149afbf4c8996fb92427ae41e4649b934ca495991b7852b855,analysis-own/build/n1-current-confirmatory-arm-B-gso0.csv,886b793107c332234853e8c98477df8597855986f7ba879fde79a110af3f7fdb
B,cubic,n1-current-confirmatory-armB-gso0-ngtcp2-cubic-default-rep4,22.638281472,22.417916458,0.22036501399999864,0,0,,results-own/n1-current-confirmatory/arm-B-gso0/n1-current-confirmatory-armB-gso0-ngtcp2-cubic-default-rep4/client/time.json,cd94abdcc0a7e1356e647a9f67e53d4700208f336073205b636693df3038205d,results-own/n1-current-confirmatory/arm-B-gso0/n1-current-confirmatory-armB-gso0-ngtcp2-cubic-default-rep4/client/logs/client.log,e3b0c44298fc1c149afbf4c8996fb92427ae41e4649b934ca495991b7852b855,analysis-own/build/n1-current-confirmatory-arm-B-gso0.csv,886b793107c332234853e8c98477df8597855986f7ba879fde79a110af3f7fdb
B,cubic,n1-current-confirmatory-armB-gso0-ngtcp2-cubic-default-rep5,22.666856579,22.397148547,0.2697080320000005,0,0,,results-own/n1-current-confirmatory/arm-B-gso0/n1-current-confirmatory-armB-gso0-ngtcp2-cubic-default-rep5/client/time.json,bc4c20b85d0a32d4660837cb33d9d9d29209c6c2f289655a612704787a8fd00e,results-own/n1-current-confirmatory/arm-B-gso0/n1-current-confirmatory-armB-gso0-ngtcp2-cubic-default-rep5/client/logs/client.log,e3b0c44298fc1c149afbf4c8996fb92427ae41e4649b934ca495991b7852b855,analysis-own/build/n1-current-confirmatory-arm-B-gso0.csv,886b793107c332234853e8c98477df8597855986f7ba879fde79a110af3f7fdb
B,cubic,n1-current-confirmatory-armB-gso0-ngtcp2-cubic-default-rep6,22.509772619,22.384560839,0.12521178000000077,0,0,,results-own/n1-current-confirmatory/arm-B-gso0/n1-current-confirmatory-armB-gso0-ngtcp2-cubic-default-rep6/client/time.json,ce869916c8e92ed9dcc88eb64e16ddd3823b54f0b11574cebfbc6aaff841cb5f,results-own/n1-current-confirmatory/arm-B-gso0/n1-current-confirmatory-armB-gso0-ngtcp2-cubic-default-rep6/client/logs/client.log,e3b0c44298fc1c149afbf4c8996fb92427ae41e4649b934ca495991b7852b855,analysis-own/build/n1-current-confirmatory-arm-B-gso0.csv,886b793107c332234853e8c98477df8597855986f7ba879fde79a110af3f7fdb
B,cubic,n1-current-confirmatory-armB-gso0-ngtcp2-cubic-default-rep7,22.505501967,22.399559758,0.10594220900000195,0,0,,results-own/n1-current-confirmatory/arm-B-gso0/n1-current-confirmatory-armB-gso0-ngtcp2-cubic-default-rep7/client/time.json,9ff3e0fa85f913066aeaeb41dcf646f0a3a4c407457d5ee185f0e318427e45e5,results-own/n1-current-confirmatory/arm-B-gso0/n1-current-confirmatory-armB-gso0-ngtcp2-cubic-default-rep7/client/logs/client.log,e3b0c44298fc1c149afbf4c8996fb92427ae41e4649b934ca495991b7852b855,analysis-own/build/n1-current-confirmatory-arm-B-gso0.csv,886b793107c332234853e8c98477df8597855986f7ba879fde79a110af3f7fdb
B,cubic,n1-current-confirmatory-armB-gso0-ngtcp2-cubic-default-rep8,22.508540909,22.413271842,0.09526906700000026,0,0,,results-own/n1-current-confirmatory/arm-B-gso0/n1-current-confirmatory-armB-gso0-ngtcp2-cubic-default-rep8/client/time.json,55d4ee1c2c44579465cac5c0a390a9806e7c4a21a1a58b1426b754bf7f236d53,results-own/n1-current-confirmatory/arm-B-gso0/n1-current-confirmatory-armB-gso0-ngtcp2-cubic-default-rep8/client/logs/client.log,e3b0c44298fc1c149afbf4c8996fb92427ae41e4649b934ca495991b7852b855,analysis-own/build/n1-current-confirmatory-arm-B-gso0.csv,886b793107c332234853e8c98477df8597855986f7ba879fde79a110af3f7fdb
B,cubic,n1-current-confirmatory-armB-gso0-ngtcp2-cubic-default-rep9,22.509449469,22.195490774,0.3139586950000002,0,0,,results-own/n1-current-confirmatory/arm-B-gso0/n1-current-confirmatory-armB-gso0-ngtcp2-cubic-default-rep9/client/time.json,7d420b14f3f650d3e05e07773850a03280ba81cfb3bb0e5e8a1ae5876c9b61a3,results-own/n1-current-confirmatory/arm-B-gso0/n1-current-confirmatory-armB-gso0-ngtcp2-cubic-default-rep9/client/logs/client.log,e3b0c44298fc1c149afbf4c8996fb92427ae41e4649b934ca495991b7852b855,analysis-own/build/n1-current-confirmatory-arm-B-gso0.csv,886b793107c332234853e8c98477df8597855986f7ba879fde79a110af3f7fdb
C,bbr,n1-contention-confirmatory-multimarker-armC-gso0-ngtcp2-bbr-default-rep1,44.991544652,44.810605244,0.1809394080000004,0,0,,results-own/n1-contention-confirmatory-multimarker/arm-C-gso0/n1-contention-confirmatory-multimarker-armC-gso0-ngtcp2-bbr-default-rep1/client/time.json,76fb7dda04dd964422f3ce7411ed3585b3db5fa2ab4088a97154ff31571f2c19,results-own/n1-contention-confirmatory-multimarker/arm-C-gso0/n1-contention-confirmatory-multimarker-armC-gso0-ngtcp2-bbr-default-rep1/client/logs/client.log,e3b0c44298fc1c149afbf4c8996fb92427ae41e4649b934ca495991b7852b855,analysis-own/build/n1-contention-confirmatory-multimarker-arm-C-gso0.csv,bbf9aa3113cdfcd9c9620ac5df3fcef9d493f94c7069fa49a7c7e52c0345ad6d
C,bbr,n1-contention-confirmatory-multimarker-armC-gso0-ngtcp2-bbr-default-rep10,42.09664552,41.99543613,0.10120939000000106,0,0,,results-own/n1-contention-confirmatory-multimarker/arm-C-gso0/n1-contention-confirmatory-multimarker-armC-gso0-ngtcp2-bbr-default-rep10/client/time.json,ef2c731b10dc54d755b08756b0477bbf0e25b6419c311285e91d6fc6da21d892,results-own/n1-contention-confirmatory-multimarker/arm-C-gso0/n1-contention-confirmatory-multimarker-armC-gso0-ngtcp2-bbr-default-rep10/client/logs/client.log,e3b0c44298fc1c149afbf4c8996fb92427ae41e4649b934ca495991b7852b855,analysis-own/build/n1-contention-confirmatory-multimarker-arm-C-gso0.csv,bbf9aa3113cdfcd9c9620ac5df3fcef9d493f94c7069fa49a7c7e52c0345ad6d
C,bbr,n1-contention-confirmatory-multimarker-armC-gso0-ngtcp2-bbr-default-rep2,46.669598667,46.221864379,0.4477342879999995,0,0,,results-own/n1-contention-confirmatory-multimarker/arm-C-gso0/n1-contention-confirmatory-multimarker-armC-gso0-ngtcp2-bbr-default-rep2/client/time.json,068a3709e8446524f5ce7fba1931691f96289a17121088cf3463b84c410b0dcf,results-own/n1-contention-confirmatory-multimarker/arm-C-gso0/n1-contention-confirmatory-multimarker-armC-gso0-ngtcp2-bbr-default-rep2/client/logs/client.log,e3b0c44298fc1c149afbf4c8996fb92427ae41e4649b934ca495991b7852b855,analysis-own/build/n1-contention-confirmatory-multimarker-arm-C-gso0.csv,bbf9aa3113cdfcd9c9620ac5df3fcef9d493f94c7069fa49a7c7e52c0345ad6d
C,bbr,n1-contention-confirmatory-multimarker-armC-gso0-ngtcp2-bbr-default-rep3,42.810918981,42.221116544,0.589802437000003,0,0,,results-own/n1-contention-confirmatory-multimarker/arm-C-gso0/n1-contention-confirmatory-multimarker-armC-gso0-ngtcp2-bbr-default-rep3/client/time.json,44127081282fd43225bd05e4b240e28cbd420dd9848faabcf2a7c05b2780eb17,results-own/n1-contention-confirmatory-multimarker/arm-C-gso0/n1-contention-confirmatory-multimarker-armC-gso0-ngtcp2-bbr-default-rep3/client/logs/client.log,e3b0c44298fc1c149afbf4c8996fb92427ae41e4649b934ca495991b7852b855,analysis-own/build/n1-contention-confirmatory-multimarker-arm-C-gso0.csv,bbf9aa3113cdfcd9c9620ac5df3fcef9d493f94c7069fa49a7c7e52c0345ad6d
C,bbr,n1-contention-confirmatory-multimarker-armC-gso0-ngtcp2-bbr-default-rep4,38.465283478,38.191942285,0.27334119300000026,0,0,,results-own/n1-contention-confirmatory-multimarker/arm-C-gso0/n1-contention-confirmatory-multimarker-armC-gso0-ngtcp2-bbr-default-rep4/client/time.json,7fe1fb7e8f533aa79f8bf17773841bda460f2601f5ccf7fdfe255db8222cf1b7,results-own/n1-contention-confirmatory-multimarker/arm-C-gso0/n1-contention-confirmatory-multimarker-armC-gso0-ngtcp2-bbr-default-rep4/client/logs/client.log,e3b0c44298fc1c149afbf4c8996fb92427ae41e4649b934ca495991b7852b855,analysis-own/build/n1-contention-confirmatory-multimarker-arm-C-gso0.csv,bbf9aa3113cdfcd9c9620ac5df3fcef9d493f94c7069fa49a7c7e52c0345ad6d
C,bbr,n1-contention-confirmatory-multimarker-armC-gso0-ngtcp2-bbr-default-rep5,43.205557536,43.18106344,0.024494095999997967,0,0,,results-own/n1-contention-confirmatory-multimarker/arm-C-gso0/n1-contention-confirmatory-multimarker-armC-gso0-ngtcp2-bbr-default-rep5/client/time.json,9c24bdb5cb4f454ab5fd762de4b1802e2759f405a78228dbab403c9e6eedf199,results-own/n1-contention-confirmatory-multimarker/arm-C-gso0/n1-contention-confirmatory-multimarker-armC-gso0-ngtcp2-bbr-default-rep5/client/logs/client.log,e3b0c44298fc1c149afbf4c8996fb92427ae41e4649b934ca495991b7852b855,analysis-own/build/n1-contention-confirmatory-multimarker-arm-C-gso0.csv,bbf9aa3113cdfcd9c9620ac5df3fcef9d493f94c7069fa49a7c7e52c0345ad6d
C,bbr,n1-contention-confirmatory-multimarker-armC-gso0-ngtcp2-bbr-default-rep6,38.211769195,38.181391005,0.030378190000000416,0,0,,results-own/n1-contention-confirmatory-multimarker/arm-C-gso0/n1-contention-confirmatory-multimarker-armC-gso0-ngtcp2-bbr-default-rep6/client/time.json,e73c1a1811e4df03b3d41ea21c9a9811c20e7342ae68fc843261e6a67b7df245,results-own/n1-contention-confirmatory-multimarker/arm-C-gso0/n1-contention-confirmatory-multimarker-armC-gso0-ngtcp2-bbr-default-rep6/client/logs/client.log,e3b0c44298fc1c149afbf4c8996fb92427ae41e4649b934ca495991b7852b855,analysis-own/build/n1-contention-confirmatory-multimarker-arm-C-gso0.csv,bbf9aa3113cdfcd9c9620ac5df3fcef9d493f94c7069fa49a7c7e52c0345ad6d
C,bbr,n1-contention-confirmatory-multimarker-armC-gso0-ngtcp2-bbr-default-rep7,47.307991709,47.14439718,0.16359452900000093,0,0,,results-own/n1-contention-confirmatory-multimarker/arm-C-gso0/n1-contention-confirmatory-multimarker-armC-gso0-ngtcp2-bbr-default-rep7/client/time.json,21bd2c70853a96f47d7fb6b7d4304fbfb29e569eb3c18bf85e006106f3234ce7,results-own/n1-contention-confirmatory-multimarker/arm-C-gso0/n1-contention-confirmatory-multimarker-armC-gso0-ngtcp2-bbr-default-rep7/client/logs/client.log,e3b0c44298fc1c149afbf4c8996fb92427ae41e4649b934ca495991b7852b855,analysis-own/build/n1-contention-confirmatory-multimarker-arm-C-gso0.csv,bbf9aa3113cdfcd9c9620ac5df3fcef9d493f94c7069fa49a7c7e52c0345ad6d
C,bbr,n1-contention-confirmatory-multimarker-armC-gso0-ngtcp2-bbr-default-rep8,40.475239334,40.28731181,0.18792752400000268,0,0,,results-own/n1-contention-confirmatory-multimarker/arm-C-gso0/n1-contention-confirmatory-multimarker-armC-gso0-ngtcp2-bbr-default-rep8/client/time.json,98c987832e4a688b08d04d2ee9470835246b198c59566deeb99f75de890288fd,results-own/n1-contention-confirmatory-multimarker/arm-C-gso0/n1-contention-confirmatory-multimarker-armC-gso0-ngtcp2-bbr-default-rep8/client/logs/client.log,e3b0c44298fc1c149afbf4c8996fb92427ae41e4649b934ca495991b7852b855,analysis-own/build/n1-contention-confirmatory-multimarker-arm-C-gso0.csv,bbf9aa3113cdfcd9c9620ac5df3fcef9d493f94c7069fa49a7c7e52c0345ad6d
C,bbr,n1-contention-confirmatory-multimarker-armC-gso0-ngtcp2-bbr-default-rep9,38.0472934,37.790859216,0.25643418399999973,0,0,,results-own/n1-contention-confirmatory-multimarker/arm-C-gso0/n1-contention-confirmatory-multimarker-armC-gso0-ngtcp2-bbr-default-rep9/client/time.json,f40dfefd2fd80f72de32153f22eeb426fa1b773815aa5d412799291e195f6add,results-own/n1-contention-confirmatory-multimarker/arm-C-gso0/n1-contention-confirmatory-multimarker-armC-gso0-ngtcp2-bbr-default-rep9/client/logs/client.log,e3b0c44298fc1c149afbf4c8996fb92427ae41e4649b934ca495991b7852b855,analysis-own/build/n1-contention-confirmatory-multimarker-arm-C-gso0.csv,bbf9aa3113cdfcd9c9620ac5df3fcef9d493f94c7069fa49a7c7e52c0345ad6d
C,cubic,n1-contention-confirmatory-multimarker-armC-gso0-ngtcp2-cubic-default-rep1,45.679801308,45.181397878,0.4984034300000033,0,0,,results-own/n1-contention-confirmatory-multimarker/arm-C-gso0/n1-contention-confirmatory-multimarker-armC-gso0-ngtcp2-cubic-default-rep1/client/time.json,003622a2c8d590157141b07019d993452572890d34e6996de1f88f360f38de02,results-own/n1-contention-confirmatory-multimarker/arm-C-gso0/n1-contention-confirmatory-multimarker-armC-gso0-ngtcp2-cubic-default-rep1/client/logs/client.log,e3b0c44298fc1c149afbf4c8996fb92427ae41e4649b934ca495991b7852b855,analysis-own/build/n1-contention-confirmatory-multimarker-arm-C-gso0.csv,bbf9aa3113cdfcd9c9620ac5df3fcef9d493f94c7069fa49a7c7e52c0345ad6d
C,cubic,n1-contention-confirmatory-multimarker-armC-gso0-ngtcp2-cubic-default-rep10,45.445798539,45.225340034,0.2204585050000034,0,0,,results-own/n1-contention-confirmatory-multimarker/arm-C-gso0/n1-contention-confirmatory-multimarker-armC-gso0-ngtcp2-cubic-default-rep10/client/time.json,d276445eacab1a1ab167ebd4adc59456b62353b375714c789aec28bf399c07a9,results-own/n1-contention-confirmatory-multimarker/arm-C-gso0/n1-contention-confirmatory-multimarker-armC-gso0-ngtcp2-cubic-default-rep10/client/logs/client.log,e3b0c44298fc1c149afbf4c8996fb92427ae41e4649b934ca495991b7852b855,analysis-own/build/n1-contention-confirmatory-multimarker-arm-C-gso0.csv,bbf9aa3113cdfcd9c9620ac5df3fcef9d493f94c7069fa49a7c7e52c0345ad6d
C,cubic,n1-contention-confirmatory-multimarker-armC-gso0-ngtcp2-cubic-default-rep2,47.31848331,47.251012283,0.0674710269999963,0,0,,results-own/n1-contention-confirmatory-multimarker/arm-C-gso0/n1-contention-confirmatory-multimarker-armC-gso0-ngtcp2-cubic-default-rep2/client/time.json,8a3f4f9b6c886811b854dc40868f39d1fe7e24a34dd7759699a423202cf25867,results-own/n1-contention-confirmatory-multimarker/arm-C-gso0/n1-contention-confirmatory-multimarker-armC-gso0-ngtcp2-cubic-default-rep2/client/logs/client.log,e3b0c44298fc1c149afbf4c8996fb92427ae41e4649b934ca495991b7852b855,analysis-own/build/n1-contention-confirmatory-multimarker-arm-C-gso0.csv,bbf9aa3113cdfcd9c9620ac5df3fcef9d493f94c7069fa49a7c7e52c0345ad6d
C,cubic,n1-contention-confirmatory-multimarker-armC-gso0-ngtcp2-cubic-default-rep3,45.849577147,45.690899693,0.15867745399999933,0,0,,results-own/n1-contention-confirmatory-multimarker/arm-C-gso0/n1-contention-confirmatory-multimarker-armC-gso0-ngtcp2-cubic-default-rep3/client/time.json,ff25f545359e33f1ee170934e7651c841526320bad9443becb41c7c99ad8dfee,results-own/n1-contention-confirmatory-multimarker/arm-C-gso0/n1-contention-confirmatory-multimarker-armC-gso0-ngtcp2-cubic-default-rep3/client/logs/client.log,e3b0c44298fc1c149afbf4c8996fb92427ae41e4649b934ca495991b7852b855,analysis-own/build/n1-contention-confirmatory-multimarker-arm-C-gso0.csv,bbf9aa3113cdfcd9c9620ac5df3fcef9d493f94c7069fa49a7c7e52c0345ad6d
C,cubic,n1-contention-confirmatory-multimarker-armC-gso0-ngtcp2-cubic-default-rep4,46.032062099,45.966863826,0.06519827300000003,0,0,,results-own/n1-contention-confirmatory-multimarker/arm-C-gso0/n1-contention-confirmatory-multimarker-armC-gso0-ngtcp2-cubic-default-rep4/client/time.json,a2ab0960b30737f0089c9155d27593a36823babdf9f2a72ca6cafc0587f946a3,results-own/n1-contention-confirmatory-multimarker/arm-C-gso0/n1-contention-confirmatory-multimarker-armC-gso0-ngtcp2-cubic-default-rep4/client/logs/client.log,e3b0c44298fc1c149afbf4c8996fb92427ae41e4649b934ca495991b7852b855,analysis-own/build/n1-contention-confirmatory-multimarker-arm-C-gso0.csv,bbf9aa3113cdfcd9c9620ac5df3fcef9d493f94c7069fa49a7c7e52c0345ad6d
C,cubic,n1-contention-confirmatory-multimarker-armC-gso0-ngtcp2-cubic-default-rep5,51.062838128,50.817650305,0.24518782300000197,0,0,,results-own/n1-contention-confirmatory-multimarker/arm-C-gso0/n1-contention-confirmatory-multimarker-armC-gso0-ngtcp2-cubic-default-rep5/client/time.json,473670750cc8403b951c68224239d973aab8a8ae9f072b49935db1ef65c5ab10,results-own/n1-contention-confirmatory-multimarker/arm-C-gso0/n1-contention-confirmatory-multimarker-armC-gso0-ngtcp2-cubic-default-rep5/client/logs/client.log,e3b0c44298fc1c149afbf4c8996fb92427ae41e4649b934ca495991b7852b855,analysis-own/build/n1-contention-confirmatory-multimarker-arm-C-gso0.csv,bbf9aa3113cdfcd9c9620ac5df3fcef9d493f94c7069fa49a7c7e52c0345ad6d
C,cubic,n1-contention-confirmatory-multimarker-armC-gso0-ngtcp2-cubic-default-rep6,44.067682679,43.860340876,0.2073418029999985,0,0,,results-own/n1-contention-confirmatory-multimarker/arm-C-gso0/n1-contention-confirmatory-multimarker-armC-gso0-ngtcp2-cubic-default-rep6/client/time.json,1ab7fed130487f83e08c714eed4906aedeef8a002a14a91b83b6c03bc4ee0fb2,results-own/n1-contention-confirmatory-multimarker/arm-C-gso0/n1-contention-confirmatory-multimarker-armC-gso0-ngtcp2-cubic-default-rep6/client/logs/client.log,e3b0c44298fc1c149afbf4c8996fb92427ae41e4649b934ca495991b7852b855,analysis-own/build/n1-contention-confirmatory-multimarker-arm-C-gso0.csv,bbf9aa3113cdfcd9c9620ac5df3fcef9d493f94c7069fa49a7c7e52c0345ad6d
C,cubic,n1-contention-confirmatory-multimarker-armC-gso0-ngtcp2-cubic-default-rep7,44.761063176,44.225168471,0.5358947049999969,0,0,,results-own/n1-contention-confirmatory-multimarker/arm-C-gso0/n1-contention-confirmatory-multimarker-armC-gso0-ngtcp2-cubic-default-rep7/client/time.json,a8024b30fabd19f3849e435f43b8c84e841787aed7ff7539e879807288ec0d8f,results-own/n1-contention-confirmatory-multimarker/arm-C-gso0/n1-contention-confirmatory-multimarker-armC-gso0-ngtcp2-cubic-default-rep7/client/logs/client.log,e3b0c44298fc1c149afbf4c8996fb92427ae41e4649b934ca495991b7852b855,analysis-own/build/n1-contention-confirmatory-multimarker-arm-C-gso0.csv,bbf9aa3113cdfcd9c9620ac5df3fcef9d493f94c7069fa49a7c7e52c0345ad6d
C,cubic,n1-contention-confirmatory-multimarker-armC-gso0-ngtcp2-cubic-default-rep8,47.172520522,46.941957399,0.23056312299999604,0,0,,results-own/n1-contention-confirmatory-multimarker/arm-C-gso0/n1-contention-confirmatory-multimarker-armC-gso0-ngtcp2-cubic-default-rep8/client/time.json,07947b507b92a2d9a6fcd72b019698242a4ade46c429e55b9c5c57603bb49a19,results-own/n1-contention-confirmatory-multimarker/arm-C-gso0/n1-contention-confirmatory-multimarker-armC-gso0-ngtcp2-cubic-default-rep8/client/logs/client.log,e3b0c44298fc1c149afbf4c8996fb92427ae41e4649b934ca495991b7852b855,analysis-own/build/n1-contention-confirmatory-multimarker-arm-C-gso0.csv,bbf9aa3113cdfcd9c9620ac5df3fcef9d493f94c7069fa49a7c7e52c0345ad6d
C,cubic,n1-contention-confirmatory-multimarker-armC-gso0-ngtcp2-cubic-default-rep9,45.224225893,45.202975665,0.021250228000006643,0,0,,results-own/n1-contention-confirmatory-multimarker/arm-C-gso0/n1-contention-confirmatory-multimarker-armC-gso0-ngtcp2-cubic-default-rep9/client/time.json,74ad0cdba51e8da476549eb9d7661b8ef16bce2bbcbe0953abc4ee2ff886a4ac,results-own/n1-contention-confirmatory-multimarker/arm-C-gso0/n1-contention-confirmatory-multimarker-armC-gso0-ngtcp2-cubic-default-rep9/client/logs/client.log,e3b0c44298fc1c149afbf4c8996fb92427ae41e4649b934ca495991b7852b855,analysis-own/build/n1-contention-confirmatory-multimarker-arm-C-gso0.csv,bbf9aa3113cdfcd9c9620ac5df3fcef9d493f94c7069fa49a7c7e52c0345ad6d
