run_id,interval_bytes,final_sender_bytes,final_minus_interval_bytes,post_pipeline_tail_s,last_interval_start_after_quic_end_s,conservative_all_unaccounted_bytes_in_window_mbit_s
rt-n1-20260930-armC-gso0-ngtcp2-bbr-default-rep1,127139840,127139840,0,5.011787395,4.106108660000004,0.0
rt-n1-20260930-armC-gso0-ngtcp2-bbr-default-rep10,163577856,163577856,0,5.011342687,4.413920128000001,0.0
rt-n1-20260930-armC-gso0-ngtcp2-bbr-default-rep2,140771328,140771328,0,5.011180684,4.53546678,0.0
rt-n1-20260930-armC-gso0-ngtcp2-bbr-default-rep3,135135232,135135232,0,5.011105373,4.382039304999999,0.0
rt-n1-20260930-armC-gso0-ngtcp2-bbr-default-rep4,139460608,139460608,0,5.011134785,4.708303067000003,0.0
rt-n1-20260930-armC-gso0-ngtcp2-bbr-default-rep5,152961024,152961024,0,5.01104558,4.8007827330000055,0.0
rt-n1-20260930-armC-gso0-ngtcp2-bbr-default-rep6,132907008,132907008,0,5.011150136,4.182160622000005,0.0
rt-n1-20260930-armC-gso0-ngtcp2-bbr-default-rep7,128843776,128843776,0,5.011703274,4.600546187999996,0.0
rt-n1-20260930-armC-gso0-ngtcp2-bbr-default-rep8,146407424,146407424,0,5.011874962,4.296277779,0.0
rt-n1-20260930-armC-gso0-ngtcp2-bbr-default-rep9,128057344,128057344,0,5.01170068,4.408962324000001,0.0
rt-n1-20260930-armC-gso0-ngtcp2-cubic-default-rep1,188481536,188481536,0,5.011064108,4.442848118999997,0.0
rt-n1-20260930-armC-gso0-ngtcp2-cubic-default-rep10,165412864,165412864,0,5.011397063,4.958035451000001,0.0
rt-n1-20260930-armC-gso0-ngtcp2-cubic-default-rep2,140902400,140902400,0,5.01080408,4.588000784999998,0.0
rt-n1-20260930-armC-gso0-ngtcp2-cubic-default-rep3,131596288,131596288,0,5.010900463,4.8731995810000015,0.0
rt-n1-20260930-armC-gso0-ngtcp2-cubic-default-rep4,156499968,156499968,0,5.011758486,4.458706006999996,0.0
rt-n1-20260930-armC-gso0-ngtcp2-cubic-default-rep5,142213120,142213120,0,5.011156021,4.536931971000001,0.0
rt-n1-20260930-armC-gso0-ngtcp2-cubic-default-rep6,142344192,142344192,0,5.011331281,4.448223564999999,0.0
rt-n1-20260930-armC-gso0-ngtcp2-cubic-default-rep7,165675008,165675008,0,5.011404369,4.318688356999999,0.0
rt-n1-20260930-armC-gso0-ngtcp2-cubic-default-rep8,152043520,152436736,393216,5.011212157,4.866545744999996,0.07028109749182974
rt-n1-20260930-armC-gso0-ngtcp2-cubic-default-rep9,171442176,171442176,0,5.010901152,4.321807432,0.0
rt-n1-20260930-armC-gso0-picoquic-bbr-default-rep1,156499968,156499968,0,5.011350881,4.166193145000001,0.0
rt-n1-20260930-armC-gso0-picoquic-bbr-default-rep10,240648192,240648192,0,5.011371951,4.792068505000003,0.0
rt-n1-20260930-armC-gso0-picoquic-bbr-default-rep2,83361792,83361792,0,5.011440166,4.093578084000001,0.0
rt-n1-20260930-armC-gso0-picoquic-bbr-default-rep3,93585408,93585408,0,5.011279856,4.905356804,0.0
rt-n1-20260930-armC-gso0-picoquic-bbr-default-rep4,96337920,96337920,0,5.011462954,3.970644622000002,0.0
rt-n1-20260930-armC-gso0-picoquic-bbr-default-rep5,69992448,69992448,0,5.011004447,5.014368075,0.0
rt-n1-20260930-armC-gso0-picoquic-bbr-default-rep6,68943872,68943872,0,5.011308251,4.306825364000005,0.0
rt-n1-20260930-armC-gso0-picoquic-bbr-default-rep7,100794368,100794368,0,5.010878965,4.693271191000001,0.0
rt-n1-20260930-armC-gso0-picoquic-bbr-default-rep8,115081216,115081216,0,5.011839525,4.028001400000001,0.0
rt-n1-20260930-armC-gso0-picoquic-bbr-default-rep9,83623936,83623936,0,5.010798478,4.529929742,0.0
rt-n1-20260930-armC-gso0-picoquic-cubic-default-rep1,89522176,89522176,0,5.011327591,4.506351203000001,0.0
rt-n1-20260930-armC-gso0-picoquic-cubic-default-rep10,90439680,90439680,0,5.011572802,4.173941995999996,0.0
rt-n1-20260930-armC-gso0-picoquic-cubic-default-rep2,87162880,87162880,0,5.011180784,4.336800768000003,0.0
rt-n1-20260930-armC-gso0-picoquic-cubic-default-rep3,80609280,80609280,0,5.011279319,4.423259117000001,0.0
rt-n1-20260930-armC-gso0-picoquic-cubic-default-rep4,85983232,85983232,0,5.011464912,4.360302191999999,0.0
rt-n1-20260930-armC-gso0-picoquic-cubic-default-rep5,97124352,97124352,0,5.011722005,4.899866787999997,0.0
rt-n1-20260930-armC-gso0-picoquic-cubic-default-rep6,80609280,80609280,0,5.011064236,4.278175187999999,0.0
rt-n1-20260930-armC-gso0-picoquic-cubic-default-rep7,83492864,83492864,0,5.010895561,4.353979555999999,0.0
rt-n1-20260930-armC-gso0-picoquic-cubic-default-rep8,93978624,93978624,0,5.010982174,4.2971698249999974,0.0
rt-n1-20260930-armC-gso0-picoquic-cubic-default-rep9,85327872,85327872,0,5.010838166,4.0832377730000005,0.0
rt-n1-20260930-armC-gso0-quiche-bbr-fq-rep1,112459776,112459776,0,5.01183132,4.211266494,0.0
rt-n1-20260930-armC-gso0-quiche-bbr-fq-rep10,94765056,94765056,0,5.011433546,4.020152166000003,0.0
rt-n1-20260930-armC-gso0-quiche-bbr-fq-rep2,94633984,94633984,0,5.01079872,4.669114993999997,0.0
rt-n1-20260930-armC-gso0-quiche-bbr-fq-rep3,96862208,96862208,0,5.011844862,4.437068160000003,0.0
rt-n1-20260930-armC-gso0-quiche-bbr-fq-rep4,98959360,98959360,0,5.010802209,4.361048189000002,0.0
rt-n1-20260930-armC-gso0-quiche-bbr-fq-rep5,185466880,185466880,0,5.010936606,4.697328745999997,0.0
rt-n1-20260930-armC-gso0-quiche-bbr-fq-rep6,96600064,96600064,0,5.011225439,4.519593854,0.0
rt-n1-20260930-armC-gso0-quiche-bbr-fq-rep7,98828288,98828288,0,5.011177117,4.724049065000003,0.0
rt-n1-20260930-armC-gso0-quiche-bbr-fq-rep8,142475264,142475264,0,5.011763277,4.587199144000003,0.0
rt-n1-20260930-armC-gso0-quiche-bbr-fq-rep9,112590848,112590848,0,5.011456064,4.108030124000003,0.0
rt-n1-20260930-armC-gso0-quiche-cubic-default-rep1,84410368,84410368,0,5.011598031,4.6831661900000014,0.0
rt-n1-20260930-armC-gso0-quiche-cubic-default-rep10,85327872,85327872,0,5.010798819,4.568029145000004,0.0
rt-n1-20260930-armC-gso0-quiche-cubic-default-rep2,86114304,86114304,0,5.011217137,3.9818101749999997,0.0
rt-n1-20260930-armC-gso0-quiche-cubic-default-rep3,83755008,83755008,0,5.011154484,4.766156742,0.0
rt-n1-20260930-armC-gso0-quiche-cubic-default-rep4,89522176,89522176,0,5.010971574,4.4012494600000025,0.0
rt-n1-20260930-armC-gso0-quiche-cubic-default-rep5,92405760,92405760,0,5.012588877,4.677292741999999,0.0
rt-n1-20260930-armC-gso0-quiche-cubic-default-rep6,95813632,95813632,0,5.011392653,4.492292560000003,0.0
rt-n1-20260930-armC-gso0-quiche-cubic-default-rep7,94765056,94765056,0,5.011263195,4.089318835999997,0.0
rt-n1-20260930-armC-gso0-quiche-cubic-default-rep8,84410368,84410368,0,5.011322072,3.957010599,0.0
rt-n1-20260930-armC-gso0-quiche-cubic-default-rep9,85196800,85196800,0,5.010668511,4.497997160000004,0.0
rt-n1-20260930-armC-gso0-quiche-cubic-fq-rep1,101056512,101056512,0,5.011505009,4.626601121,0.0
rt-n1-20260930-armC-gso0-quiche-cubic-fq-rep10,83361792,83361792,0,5.011188483,4.6862706880000005,0.0
rt-n1-20260930-armC-gso0-quiche-cubic-fq-rep2,73924608,73924608,0,5.010815607,4.0929748639999985,0.0
rt-n1-20260930-armC-gso0-quiche-cubic-fq-rep3,79953920,79953920,0,5.011063329,4.803924252000002,0.0
rt-n1-20260930-armC-gso0-quiche-cubic-fq-rep4,77856768,77856768,0,5.010728301,4.390697752999998,0.0
rt-n1-20260930-armC-gso0-quiche-cubic-fq-rep5,83492864,83492864,0,5.011572888,4.1864328839999985,0.0
rt-n1-20260930-armC-gso0-quiche-cubic-fq-rep6,86114304,86114304,0,5.011605953,4.061804543000001,0.0
rt-n1-20260930-armC-gso0-quiche-cubic-fq-rep7,85065728,85065728,0,5.011410412,4.512505511999997,0.0
rt-n1-20260930-armC-gso0-quiche-cubic-fq-rep8,81002496,81002496,0,5.011198731,4.5482140360000045,0.0
rt-n1-20260930-armC-gso0-quiche-cubic-fq-rep9,82182144,82182144,0,5.010840273,4.294243768000001,0.0
