arm,implementation,side,sha256,matches_historical_native_binary
A,picoquic,client,14ad83ec0172fff2790fa567641febbac23e95c88fa4d42b3b8f5b7f491e5729,True
A,picoquic,server,166305a94f3c7807837e842d1cc31290b63bd7b094ec167a3e774081857f39da,True
A,ngtcp2,client,1112c8ffa00b60bbc217206005fc08f8a708ba12309c25845ecfb1bb12d870e0,True
A,ngtcp2,server,88575ce4c1e9689ce091569c4420aad2b68edf00310dff8d131b1f93e81057eb,True
A,quiche,client,214be3763ee95be54f9be08031418770ef26f462d3bad6b6ad839f703de136fb,True
A,quiche,server,65b811816b9e0b01c4b5f4fc78ef420a76397fd78d0d3e1e99f53f2cc8054039,True
B,picoquic,client,3769ff8887ee58501a5d699a1bfae568f65030ce9e2fdd46d9ec9fd7c9c8262e,True
B,picoquic,server,f87b8da0932a2f44315d9ce89be41ffdb6a1a60ede4547995fc0a6fcc5860236,True
B,ngtcp2,client,3796da82f93b12f6b875c6fcdd13c218a02cefffe5d6bd41b4383c26c1da69d7,True
B,ngtcp2,server,b415559bfc90db2113e1c78da602f1f4d9d6d6139562dd527ff51bb8126a4a82,True
B,quiche,client,e8f2069cccc42436989ea5280d0df48a78907e140b4b630e162012d1e0840c91,True
B,quiche,server,d173360f3508cf0e64d8ad43008fb53527e5307e2b095b58dac7cd22f5ee4322,True
C,picoquic,client,3769ff8887ee58501a5d699a1bfae568f65030ce9e2fdd46d9ec9fd7c9c8262e,True
C,picoquic,server,f87b8da0932a2f44315d9ce89be41ffdb6a1a60ede4547995fc0a6fcc5860236,True
C,ngtcp2,client,3796da82f93b12f6b875c6fcdd13c218a02cefffe5d6bd41b4383c26c1da69d7,True
C,ngtcp2,server,b415559bfc90db2113e1c78da602f1f4d9d6d6139562dd527ff51bb8126a4a82,True
C,quiche,client,e8f2069cccc42436989ea5280d0df48a78907e140b4b630e162012d1e0840c91,True
C,quiche,server,d173360f3508cf0e64d8ad43008fb53527e5307e2b095b58dac7cd22f5ee4322,True
