block,version,completion,run_order,payload_bytes,runtime_s,full_file_lower_s,full_file_upper_s,completion_bracket_ms,observed_full_file_goodput_mbit_s,full_file_goodput_upper_bound_mbit_s,client_lifetime_goodput_mbit_s,capture_kernel_drops,sender_kernel,client_kernel,payload_sha256,client_binary_sha256,server_binary_sha256,driver_sha256,project_commit,seed,source_result_path,source_result_sha256,source_client_path,source_client_sha256,plan_path,plan_sha256
1,artifact,idle,3,104857600,53.793637664,23.679511776,23.689709585,10.197809,35.410345449365714,35.42559525446865,15.594052315993233,0,6.8.1-1015-realtime,6.18.50+rpt-rpi-v8-rt,37f269698f787d767bd0769636d07a75a6217df3374c5ae7377123f56baec932,1112c8ffa00b60bbc217206005fc08f8a708ba12309c25845ecfb1bb12d870e0,88575ce4c1e9689ce091569c4420aad2b68edf00310dff8d131b1f93e81057eb,fca69ba065ffc15fc8173b1c3fee17a8a9dc7006fcc6b5db95b3d8ea2f9aa480,32bd6e84289d12ce70994c69a81a46f8e92f9d73,20260927,/home/joern/repos/pe-paper/results-own/ngtcp2-lifecycle-control-rt-n1-20260930/block01-artifact-idle/result.json,f7dd56b5f83bcc65e9450ed43a2484e74a3b900f2a396eb9e7be5faa27aec5c5,/home/joern/repos/pe-paper/results-own/ngtcp2-lifecycle-control-rt-n1-20260930/block01-artifact-idle/client.json,d106ebd1be126d543c85a12af791badac47e4142c3df364870ec0adc9a36baec,/home/joern/repos/pe-paper/results-own/ngtcp2-lifecycle-control-rt-n1-20260930/plan.json,c2752939543efc7337691598d5fb0fd7fa21a6cfd736fa92c6bf2a7b042dc7fd
1,artifact,streams,1,104857600,23.371190743,23.361919805,23.371356796,9.436991,35.89268724627792,35.907186010477794,35.89294226488013,0,6.8.1-1015-realtime,6.18.50+rpt-rpi-v8-rt,37f269698f787d767bd0769636d07a75a6217df3374c5ae7377123f56baec932,1112c8ffa00b60bbc217206005fc08f8a708ba12309c25845ecfb1bb12d870e0,88575ce4c1e9689ce091569c4420aad2b68edf00310dff8d131b1f93e81057eb,fca69ba065ffc15fc8173b1c3fee17a8a9dc7006fcc6b5db95b3d8ea2f9aa480,32bd6e84289d12ce70994c69a81a46f8e92f9d73,20260927,/home/joern/repos/pe-paper/results-own/ngtcp2-lifecycle-control-rt-n1-20260930/block01-artifact-streams/result.json,74c3f148828dfec6b805d4b7082e6072a6efe3c3349595af6ce7d9e9fb8eced7,/home/joern/repos/pe-paper/results-own/ngtcp2-lifecycle-control-rt-n1-20260930/block01-artifact-streams/client.json,553a8654df733303985707dabe3e7bd625c17a18e6e4d4c3a8f5e13834fd324a,/home/joern/repos/pe-paper/results-own/ngtcp2-lifecycle-control-rt-n1-20260930/plan.json,c2752939543efc7337691598d5fb0fd7fa21a6cfd736fa92c6bf2a7b042dc7fd
1,current,idle,2,104857600,52.630603377,22.54373326,22.553933682,10.200422,37.193547335358346,37.21037639708127,15.938650636230195,0,6.8.1-1015-realtime,6.18.50+rpt-rpi-v8-rt,37f269698f787d767bd0769636d07a75a6217df3374c5ae7377123f56baec932,3796da82f93b12f6b875c6fcdd13c218a02cefffe5d6bd41b4383c26c1da69d7,b415559bfc90db2113e1c78da602f1f4d9d6d6139562dd527ff51bb8126a4a82,fca69ba065ffc15fc8173b1c3fee17a8a9dc7006fcc6b5db95b3d8ea2f9aa480,32bd6e84289d12ce70994c69a81a46f8e92f9d73,20260927,/home/joern/repos/pe-paper/results-own/ngtcp2-lifecycle-control-rt-n1-20260930/block01-current-idle/result.json,6be041db8f05cda2ef418206860d450a73cd966d13400a25c34c08ca5b1a91ef,/home/joern/repos/pe-paper/results-own/ngtcp2-lifecycle-control-rt-n1-20260930/block01-current-idle/client.json,c62905b3dbd1960f296ebbc59135d9fe6cce077b9e18bb81e188eccb343f3f94,/home/joern/repos/pe-paper/results-own/ngtcp2-lifecycle-control-rt-n1-20260930/plan.json,c2752939543efc7337691598d5fb0fd7fa21a6cfd736fa92c6bf2a7b042dc7fd
1,current,streams,4,104857600,22.552496175,22.540951187,22.55118792,10.236733,37.19807590517387,37.214969015317976,37.19591807003155,0,6.8.1-1015-realtime,6.18.50+rpt-rpi-v8-rt,37f269698f787d767bd0769636d07a75a6217df3374c5ae7377123f56baec932,3796da82f93b12f6b875c6fcdd13c218a02cefffe5d6bd41b4383c26c1da69d7,b415559bfc90db2113e1c78da602f1f4d9d6d6139562dd527ff51bb8126a4a82,fca69ba065ffc15fc8173b1c3fee17a8a9dc7006fcc6b5db95b3d8ea2f9aa480,32bd6e84289d12ce70994c69a81a46f8e92f9d73,20260927,/home/joern/repos/pe-paper/results-own/ngtcp2-lifecycle-control-rt-n1-20260930/block01-current-streams/result.json,8fe5283cedc800d8ade2c27f59f8df4f07be8714f766b559c0ccae719d2cd56a,/home/joern/repos/pe-paper/results-own/ngtcp2-lifecycle-control-rt-n1-20260930/block01-current-streams/client.json,dc594fdc70a63b990923541ef42f53a2f2551f676437f9936575fc17ed773ac7,/home/joern/repos/pe-paper/results-own/ngtcp2-lifecycle-control-rt-n1-20260930/plan.json,c2752939543efc7337691598d5fb0fd7fa21a6cfd736fa92c6bf2a7b042dc7fd
2,artifact,idle,8,104857600,54.123766466,24.016519992,24.026760926,10.240934,34.91360331854995,34.92849090040639,15.49893613791575,0,6.8.1-1015-realtime,6.18.50+rpt-rpi-v8-rt,37f269698f787d767bd0769636d07a75a6217df3374c5ae7377123f56baec932,1112c8ffa00b60bbc217206005fc08f8a708ba12309c25845ecfb1bb12d870e0,88575ce4c1e9689ce091569c4420aad2b68edf00310dff8d131b1f93e81057eb,fca69ba065ffc15fc8173b1c3fee17a8a9dc7006fcc6b5db95b3d8ea2f9aa480,32bd6e84289d12ce70994c69a81a46f8e92f9d73,20260927,/home/joern/repos/pe-paper/results-own/ngtcp2-lifecycle-control-rt-n1-20260930/block02-artifact-idle/result.json,ca92705b64931ac513180eac90805d423e88912d8d2b8faf6e9e9bc6b5a027e8,/home/joern/repos/pe-paper/results-own/ngtcp2-lifecycle-control-rt-n1-20260930/block02-artifact-idle/client.json,b0f91ec97f2a50abc897965339bfcb2c6529920c8eee4ae10e696c6fffac7555,/home/joern/repos/pe-paper/results-own/ngtcp2-lifecycle-control-rt-n1-20260930/plan.json,c2752939543efc7337691598d5fb0fd7fa21a6cfd736fa92c6bf2a7b042dc7fd
2,artifact,streams,5,104857600,24.232183734,24.221863892,24.232266362,10.40247,34.61751317307512,34.632380222277575,34.617631213442834,0,6.8.1-1015-realtime,6.18.50+rpt-rpi-v8-rt,37f269698f787d767bd0769636d07a75a6217df3374c5ae7377123f56baec932,1112c8ffa00b60bbc217206005fc08f8a708ba12309c25845ecfb1bb12d870e0,88575ce4c1e9689ce091569c4420aad2b68edf00310dff8d131b1f93e81057eb,fca69ba065ffc15fc8173b1c3fee17a8a9dc7006fcc6b5db95b3d8ea2f9aa480,32bd6e84289d12ce70994c69a81a46f8e92f9d73,20260927,/home/joern/repos/pe-paper/results-own/ngtcp2-lifecycle-control-rt-n1-20260930/block02-artifact-streams/result.json,effa5dd121f11f527bf75ad8abe6f331327d51eb60f9f7712729d0ba35b11bdf,/home/joern/repos/pe-paper/results-own/ngtcp2-lifecycle-control-rt-n1-20260930/block02-artifact-streams/client.json,c4a90ae583a1c71fdb0b25eaed8d05b75f762b0005e3a758038f085045fcafe5,/home/joern/repos/pe-paper/results-own/ngtcp2-lifecycle-control-rt-n1-20260930/plan.json,c2752939543efc7337691598d5fb0fd7fa21a6cfd736fa92c6bf2a7b042dc7fd
2,current,idle,6,104857600,52.683814083,22.55267,22.562912418,10.242418,37.17874645166741,37.19563138200488,15.922552582818476,0,6.8.1-1015-realtime,6.18.50+rpt-rpi-v8-rt,37f269698f787d767bd0769636d07a75a6217df3374c5ae7377123f56baec932,3796da82f93b12f6b875c6fcdd13c218a02cefffe5d6bd41b4383c26c1da69d7,b415559bfc90db2113e1c78da602f1f4d9d6d6139562dd527ff51bb8126a4a82,fca69ba065ffc15fc8173b1c3fee17a8a9dc7006fcc6b5db95b3d8ea2f9aa480,32bd6e84289d12ce70994c69a81a46f8e92f9d73,20260927,/home/joern/repos/pe-paper/results-own/ngtcp2-lifecycle-control-rt-n1-20260930/block02-current-idle/result.json,a0d7cf472a0fdf9be4681d0f6bdebf688d9cdb00591f2aca454cf591cfa66a07,/home/joern/repos/pe-paper/results-own/ngtcp2-lifecycle-control-rt-n1-20260930/block02-current-idle/client.json,bacea002fcc818b9eeb14eb2d488898c4f50715bf2445df54d134462fde07eef,/home/joern/repos/pe-paper/results-own/ngtcp2-lifecycle-control-rt-n1-20260930/plan.json,c2752939543efc7337691598d5fb0fd7fa21a6cfd736fa92c6bf2a7b042dc7fd
2,current,streams,7,104857600,22.566310717,22.561132806,22.566494436,5.36163,37.17284500608024,37.181679094451766,37.173147641189594,0,6.8.1-1015-realtime,6.18.50+rpt-rpi-v8-rt,37f269698f787d767bd0769636d07a75a6217df3374c5ae7377123f56baec932,3796da82f93b12f6b875c6fcdd13c218a02cefffe5d6bd41b4383c26c1da69d7,b415559bfc90db2113e1c78da602f1f4d9d6d6139562dd527ff51bb8126a4a82,fca69ba065ffc15fc8173b1c3fee17a8a9dc7006fcc6b5db95b3d8ea2f9aa480,32bd6e84289d12ce70994c69a81a46f8e92f9d73,20260927,/home/joern/repos/pe-paper/results-own/ngtcp2-lifecycle-control-rt-n1-20260930/block02-current-streams/result.json,1e13e50391985a3f7edcb3284d713438f0855675d4dd619fd341dd05cd909ebf,/home/joern/repos/pe-paper/results-own/ngtcp2-lifecycle-control-rt-n1-20260930/block02-current-streams/client.json,3555382142e2195d8530558e1a6e68136dd9162b224bb33470fd237ccc5d54cf,/home/joern/repos/pe-paper/results-own/ngtcp2-lifecycle-control-rt-n1-20260930/plan.json,c2752939543efc7337691598d5fb0fd7fa21a6cfd736fa92c6bf2a7b042dc7fd
3,artifact,idle,11,104857600,54.086907695,23.989295169,23.999551416,10.256247,34.953186643344885,34.968130330232135,15.509498245497728,0,6.8.1-1015-realtime,6.18.50+rpt-rpi-v8-rt,37f269698f787d767bd0769636d07a75a6217df3374c5ae7377123f56baec932,1112c8ffa00b60bbc217206005fc08f8a708ba12309c25845ecfb1bb12d870e0,88575ce4c1e9689ce091569c4420aad2b68edf00310dff8d131b1f93e81057eb,fca69ba065ffc15fc8173b1c3fee17a8a9dc7006fcc6b5db95b3d8ea2f9aa480,32bd6e84289d12ce70994c69a81a46f8e92f9d73,20260927,/home/joern/repos/pe-paper/results-own/ngtcp2-lifecycle-control-rt-n1-20260930/block03-artifact-idle/result.json,07669b42946e2cb4a78098d775d7e62a7b943762381671547e79886777507217,/home/joern/repos/pe-paper/results-own/ngtcp2-lifecycle-control-rt-n1-20260930/block03-artifact-idle/client.json,d8bb54b24795a0bc43c23dfa32dfc47aafe594a122aa8eeb3f17056dc9c37fc5,/home/joern/repos/pe-paper/results-own/ngtcp2-lifecycle-control-rt-n1-20260930/plan.json,c2752939543efc7337691598d5fb0fd7fa21a6cfd736fa92c6bf2a7b042dc7fd
3,artifact,streams,9,104857600,24.299577025,24.287785415,24.298119976,10.334561,34.523691578960374,34.538381563677866,34.52162147254495,0,6.8.1-1015-realtime,6.18.50+rpt-rpi-v8-rt,37f269698f787d767bd0769636d07a75a6217df3374c5ae7377123f56baec932,1112c8ffa00b60bbc217206005fc08f8a708ba12309c25845ecfb1bb12d870e0,88575ce4c1e9689ce091569c4420aad2b68edf00310dff8d131b1f93e81057eb,fca69ba065ffc15fc8173b1c3fee17a8a9dc7006fcc6b5db95b3d8ea2f9aa480,32bd6e84289d12ce70994c69a81a46f8e92f9d73,20260927,/home/joern/repos/pe-paper/results-own/ngtcp2-lifecycle-control-rt-n1-20260930/block03-artifact-streams/result.json,039a9d06ee2c27d809012545eee44da993fa9b2ca8ead95b8d24522628b84895,/home/joern/repos/pe-paper/results-own/ngtcp2-lifecycle-control-rt-n1-20260930/block03-artifact-streams/client.json,017735bdc1ba4768c1d5f963e42b7719987be47cd1cd9739c66ece455621721f,/home/joern/repos/pe-paper/results-own/ngtcp2-lifecycle-control-rt-n1-20260930/plan.json,c2752939543efc7337691598d5fb0fd7fa21a6cfd736fa92c6bf2a7b042dc7fd
3,current,idle,12,104857600,52.689653714,22.556234492,22.566455257,10.220765,37.17290954412478,37.18975347137476,15.920787875231547,0,6.8.1-1015-realtime,6.18.50+rpt-rpi-v8-rt,37f269698f787d767bd0769636d07a75a6217df3374c5ae7377123f56baec932,3796da82f93b12f6b875c6fcdd13c218a02cefffe5d6bd41b4383c26c1da69d7,b415559bfc90db2113e1c78da602f1f4d9d6d6139562dd527ff51bb8126a4a82,fca69ba065ffc15fc8173b1c3fee17a8a9dc7006fcc6b5db95b3d8ea2f9aa480,32bd6e84289d12ce70994c69a81a46f8e92f9d73,20260927,/home/joern/repos/pe-paper/results-own/ngtcp2-lifecycle-control-rt-n1-20260930/block03-current-idle/result.json,a3279139743b39a5f8bf777e9059419d544a6116e347246d9c1689585faa5b64,/home/joern/repos/pe-paper/results-own/ngtcp2-lifecycle-control-rt-n1-20260930/block03-current-idle/client.json,77fc422a40eea89eba9c43bfc0231405e05e13f74e36d4ff5d28867cacdea756,/home/joern/repos/pe-paper/results-own/ngtcp2-lifecycle-control-rt-n1-20260930/plan.json,c2752939543efc7337691598d5fb0fd7fa21a6cfd736fa92c6bf2a7b042dc7fd
3,current,streams,10,104857600,22.561084619,22.549365045,22.559584256,10.219211,37.184231344019324,37.201082971779975,37.18175850878848,0,6.8.1-1015-realtime,6.18.50+rpt-rpi-v8-rt,37f269698f787d767bd0769636d07a75a6217df3374c5ae7377123f56baec932,3796da82f93b12f6b875c6fcdd13c218a02cefffe5d6bd41b4383c26c1da69d7,b415559bfc90db2113e1c78da602f1f4d9d6d6139562dd527ff51bb8126a4a82,fca69ba065ffc15fc8173b1c3fee17a8a9dc7006fcc6b5db95b3d8ea2f9aa480,32bd6e84289d12ce70994c69a81a46f8e92f9d73,20260927,/home/joern/repos/pe-paper/results-own/ngtcp2-lifecycle-control-rt-n1-20260930/block03-current-streams/result.json,37a6f3de6261276a6d88a3d7a25ae56bdcb4d079a9dc55cd0e37a808d7f8a259,/home/joern/repos/pe-paper/results-own/ngtcp2-lifecycle-control-rt-n1-20260930/block03-current-streams/client.json,313fac3d38311c439c89309120c8eb393cfc985d9b84e400f2032d1907d6f3db,/home/joern/repos/pe-paper/results-own/ngtcp2-lifecycle-control-rt-n1-20260930/plan.json,c2752939543efc7337691598d5fb0fd7fa21a6cfd736fa92c6bf2a7b042dc7fd
4,artifact,idle,15,104857600,54.066801604,23.97076609,23.980989872,10.223782,34.98024078561689,34.995160223517075,15.515265839914951,0,6.8.1-1015-realtime,6.18.50+rpt-rpi-v8-rt,37f269698f787d767bd0769636d07a75a6217df3374c5ae7377123f56baec932,1112c8ffa00b60bbc217206005fc08f8a708ba12309c25845ecfb1bb12d870e0,88575ce4c1e9689ce091569c4420aad2b68edf00310dff8d131b1f93e81057eb,fca69ba065ffc15fc8173b1c3fee17a8a9dc7006fcc6b5db95b3d8ea2f9aa480,32bd6e84289d12ce70994c69a81a46f8e92f9d73,20260927,/home/joern/repos/pe-paper/results-own/ngtcp2-lifecycle-control-rt-n1-20260930/block04-artifact-idle/result.json,14c4a0712fefb12f3b5ff7a962d858befedbe45a49ece0f07fcb5892d476e640,/home/joern/repos/pe-paper/results-own/ngtcp2-lifecycle-control-rt-n1-20260930/block04-artifact-idle/client.json,0d899b00b118b2408204a28e210f8ef3cfd70d60b3e3fb0e263598523ebcb13c,/home/joern/repos/pe-paper/results-own/ngtcp2-lifecycle-control-rt-n1-20260930/plan.json,c2752939543efc7337691598d5fb0fd7fa21a6cfd736fa92c6bf2a7b042dc7fd
4,artifact,streams,14,104857600,23.800515137,23.790734772,23.800666356,9.931584,35.24526529857129,35.25997864459737,35.245489232958526,0,6.8.1-1015-realtime,6.18.50+rpt-rpi-v8-rt,37f269698f787d767bd0769636d07a75a6217df3374c5ae7377123f56baec932,1112c8ffa00b60bbc217206005fc08f8a708ba12309c25845ecfb1bb12d870e0,88575ce4c1e9689ce091569c4420aad2b68edf00310dff8d131b1f93e81057eb,fca69ba065ffc15fc8173b1c3fee17a8a9dc7006fcc6b5db95b3d8ea2f9aa480,32bd6e84289d12ce70994c69a81a46f8e92f9d73,20260927,/home/joern/repos/pe-paper/results-own/ngtcp2-lifecycle-control-rt-n1-20260930/block04-artifact-streams/result.json,be866879ef5f5bc94812070105c0707a07e4842d989212f102be7b1195c5f71d,/home/joern/repos/pe-paper/results-own/ngtcp2-lifecycle-control-rt-n1-20260930/block04-artifact-streams/client.json,9d22d5b7bbe86a7ba8eee87f6ad4c4fc21248d51bd6432d8af5b51a238ec8e44,/home/joern/repos/pe-paper/results-own/ngtcp2-lifecycle-control-rt-n1-20260930/plan.json,c2752939543efc7337691598d5fb0fd7fa21a6cfd736fa92c6bf2a7b042dc7fd
4,current,idle,13,104857600,52.688006025,22.542189516,22.552389152,10.199636,37.19609458431183,37.21292465421752,15.921285759077083,0,6.8.1-1015-realtime,6.18.50+rpt-rpi-v8-rt,37f269698f787d767bd0769636d07a75a6217df3374c5ae7377123f56baec932,3796da82f93b12f6b875c6fcdd13c218a02cefffe5d6bd41b4383c26c1da69d7,b415559bfc90db2113e1c78da602f1f4d9d6d6139562dd527ff51bb8126a4a82,fca69ba065ffc15fc8173b1c3fee17a8a9dc7006fcc6b5db95b3d8ea2f9aa480,32bd6e84289d12ce70994c69a81a46f8e92f9d73,20260927,/home/joern/repos/pe-paper/results-own/ngtcp2-lifecycle-control-rt-n1-20260930/block04-current-idle/result.json,5c7957eed43c7ae1b14a6b7e8ab5cb5d0ab2d22d58be42df6894c6251fb1ebcf,/home/joern/repos/pe-paper/results-own/ngtcp2-lifecycle-control-rt-n1-20260930/block04-current-idle/client.json,edf023f5ce50d7b5302037f5484d757d961382a91f3e6373f12b7abe7bdf7675,/home/joern/repos/pe-paper/results-own/ngtcp2-lifecycle-control-rt-n1-20260930/plan.json,c2752939543efc7337691598d5fb0fd7fa21a6cfd736fa92c6bf2a7b042dc7fd
4,current,streams,16,104857600,22.563245143,22.558453783,22.563350123,4.89634,37.17802522351969,37.18609475939187,37.178198201700056,0,6.8.1-1015-realtime,6.18.50+rpt-rpi-v8-rt,37f269698f787d767bd0769636d07a75a6217df3374c5ae7377123f56baec932,3796da82f93b12f6b875c6fcdd13c218a02cefffe5d6bd41b4383c26c1da69d7,b415559bfc90db2113e1c78da602f1f4d9d6d6139562dd527ff51bb8126a4a82,fca69ba065ffc15fc8173b1c3fee17a8a9dc7006fcc6b5db95b3d8ea2f9aa480,32bd6e84289d12ce70994c69a81a46f8e92f9d73,20260927,/home/joern/repos/pe-paper/results-own/ngtcp2-lifecycle-control-rt-n1-20260930/block04-current-streams/result.json,6e94bd9c539590ff26647ddc5ff261aeefb22b1cafb4fb3d1b7d73541d0816a7,/home/joern/repos/pe-paper/results-own/ngtcp2-lifecycle-control-rt-n1-20260930/block04-current-streams/client.json,bef264d19a535cf1cdf27a496ff197b334776511ac1ef7c7e8b885114be181af,/home/joern/repos/pe-paper/results-own/ngtcp2-lifecycle-control-rt-n1-20260930/plan.json,c2752939543efc7337691598d5fb0fd7fa21a6cfd736fa92c6bf2a7b042dc7fd
5,artifact,idle,18,104857600,53.822874605,23.727333942,23.73753452,10.200578,35.33900284771445,35.354195378652456,15.585581523772275,0,6.8.1-1015-realtime,6.18.50+rpt-rpi-v8-rt,37f269698f787d767bd0769636d07a75a6217df3374c5ae7377123f56baec932,1112c8ffa00b60bbc217206005fc08f8a708ba12309c25845ecfb1bb12d870e0,88575ce4c1e9689ce091569c4420aad2b68edf00310dff8d131b1f93e81057eb,fca69ba065ffc15fc8173b1c3fee17a8a9dc7006fcc6b5db95b3d8ea2f9aa480,32bd6e84289d12ce70994c69a81a46f8e92f9d73,20260927,/home/joern/repos/pe-paper/results-own/ngtcp2-lifecycle-control-rt-n1-20260930/block05-artifact-idle/result.json,1bddb783fa90304b5c123a506a760f5570957d70afcddd83703d20ebdd08c425,/home/joern/repos/pe-paper/results-own/ngtcp2-lifecycle-control-rt-n1-20260930/block05-artifact-idle/client.json,b952e459dd1197f4df789f0e9eb4b30e349365c68b034c99a1c2dccbea524b66,/home/joern/repos/pe-paper/results-own/ngtcp2-lifecycle-control-rt-n1-20260930/plan.json,c2752939543efc7337691598d5fb0fd7fa21a6cfd736fa92c6bf2a7b042dc7fd
5,artifact,streams,17,104857600,24.05874387,24.05105347,24.05892446,7.87099,34.86692854431948,34.87833915659247,34.867190262830626,0,6.8.1-1015-realtime,6.18.50+rpt-rpi-v8-rt,37f269698f787d767bd0769636d07a75a6217df3374c5ae7377123f56baec932,1112c8ffa00b60bbc217206005fc08f8a708ba12309c25845ecfb1bb12d870e0,88575ce4c1e9689ce091569c4420aad2b68edf00310dff8d131b1f93e81057eb,fca69ba065ffc15fc8173b1c3fee17a8a9dc7006fcc6b5db95b3d8ea2f9aa480,32bd6e84289d12ce70994c69a81a46f8e92f9d73,20260927,/home/joern/repos/pe-paper/results-own/ngtcp2-lifecycle-control-rt-n1-20260930/block05-artifact-streams/result.json,edb45d4312cf2843583415ef3d0ad973912759f2f1c6e0a418904446047aa424,/home/joern/repos/pe-paper/results-own/ngtcp2-lifecycle-control-rt-n1-20260930/block05-artifact-streams/client.json,5da39f62360dfde513a5016a2db1dd59a03da1dd4c3bcdf735710ef950c401e4,/home/joern/repos/pe-paper/results-own/ngtcp2-lifecycle-control-rt-n1-20260930/plan.json,c2752939543efc7337691598d5fb0fd7fa21a6cfd736fa92c6bf2a7b042dc7fd
5,current,idle,19,104857600,52.69123697,22.555821573,22.566084816,10.263243,37.17351976826852,37.19043428700206,15.92030949050616,0,6.8.1-1015-realtime,6.18.50+rpt-rpi-v8-rt,37f269698f787d767bd0769636d07a75a6217df3374c5ae7377123f56baec932,3796da82f93b12f6b875c6fcdd13c218a02cefffe5d6bd41b4383c26c1da69d7,b415559bfc90db2113e1c78da602f1f4d9d6d6139562dd527ff51bb8126a4a82,fca69ba065ffc15fc8173b1c3fee17a8a9dc7006fcc6b5db95b3d8ea2f9aa480,32bd6e84289d12ce70994c69a81a46f8e92f9d73,20260927,/home/joern/repos/pe-paper/results-own/ngtcp2-lifecycle-control-rt-n1-20260930/block05-current-idle/result.json,8471bef1098e1593090b2015f9ec37569f99f82afbb2fcdcef85576335ba707d,/home/joern/repos/pe-paper/results-own/ngtcp2-lifecycle-control-rt-n1-20260930/block05-current-idle/client.json,43ff9cb3e0ac1e2e8f647d64ea617f9af6f0eafc9d21230eb2270676c40e941e,/home/joern/repos/pe-paper/results-own/ngtcp2-lifecycle-control-rt-n1-20260930/plan.json,c2752939543efc7337691598d5fb0fd7fa21a6cfd736fa92c6bf2a7b042dc7fd
5,current,streams,20,104857600,22.556219202,22.549930295,22.556416291,6.485996,37.18945373138485,37.20015046725004,37.189778680889056,0,6.8.1-1015-realtime,6.18.50+rpt-rpi-v8-rt,37f269698f787d767bd0769636d07a75a6217df3374c5ae7377123f56baec932,3796da82f93b12f6b875c6fcdd13c218a02cefffe5d6bd41b4383c26c1da69d7,b415559bfc90db2113e1c78da602f1f4d9d6d6139562dd527ff51bb8126a4a82,fca69ba065ffc15fc8173b1c3fee17a8a9dc7006fcc6b5db95b3d8ea2f9aa480,32bd6e84289d12ce70994c69a81a46f8e92f9d73,20260927,/home/joern/repos/pe-paper/results-own/ngtcp2-lifecycle-control-rt-n1-20260930/block05-current-streams/result.json,70b03b3718875b3f837ca3ae2c99d9ceb8dddb9104918fba8954801c3527cf18,/home/joern/repos/pe-paper/results-own/ngtcp2-lifecycle-control-rt-n1-20260930/block05-current-streams/client.json,caa4bd1adec000407a09f497f14b135a092fe4dc71ef5f1fa89b465ad15b566d,/home/joern/repos/pe-paper/results-own/ngtcp2-lifecycle-control-rt-n1-20260930/plan.json,c2752939543efc7337691598d5fb0fd7fa21a6cfd736fa92c6bf2a7b042dc7fd
6,artifact,idle,23,104857600,53.700709451,23.604684614,23.614893858,10.209244,35.52253103673468,35.537894859331,15.621037572425944,0,6.8.1-1015-realtime,6.18.50+rpt-rpi-v8-rt,37f269698f787d767bd0769636d07a75a6217df3374c5ae7377123f56baec932,1112c8ffa00b60bbc217206005fc08f8a708ba12309c25845ecfb1bb12d870e0,88575ce4c1e9689ce091569c4420aad2b68edf00310dff8d131b1f93e81057eb,fca69ba065ffc15fc8173b1c3fee17a8a9dc7006fcc6b5db95b3d8ea2f9aa480,32bd6e84289d12ce70994c69a81a46f8e92f9d73,20260927,/home/joern/repos/pe-paper/results-own/ngtcp2-lifecycle-control-rt-n1-20260930/block06-artifact-idle/result.json,9601e8d3433d7f645b282d97e1a7da6a7b5de144c0bffdd9435c9aa37bd5c8e1,/home/joern/repos/pe-paper/results-own/ngtcp2-lifecycle-control-rt-n1-20260930/block06-artifact-idle/client.json,c81948c3c42311069cc0dfb1f6bc55da5cb5061ff3b279862ce8b88cb90ff45e,/home/joern/repos/pe-paper/results-own/ngtcp2-lifecycle-control-rt-n1-20260930/plan.json,c2752939543efc7337691598d5fb0fd7fa21a6cfd736fa92c6bf2a7b042dc7fd
6,artifact,streams,21,104857600,24.290276711,24.287055843,24.290428005,3.372162,34.534624084323546,34.53941908079303,34.5348391860895,0,6.8.1-1015-realtime,6.18.50+rpt-rpi-v8-rt,37f269698f787d767bd0769636d07a75a6217df3374c5ae7377123f56baec932,1112c8ffa00b60bbc217206005fc08f8a708ba12309c25845ecfb1bb12d870e0,88575ce4c1e9689ce091569c4420aad2b68edf00310dff8d131b1f93e81057eb,fca69ba065ffc15fc8173b1c3fee17a8a9dc7006fcc6b5db95b3d8ea2f9aa480,32bd6e84289d12ce70994c69a81a46f8e92f9d73,20260927,/home/joern/repos/pe-paper/results-own/ngtcp2-lifecycle-control-rt-n1-20260930/block06-artifact-streams/result.json,0ecc2d39f7a3951f78723bb9b404af4e130d91cf0d887a15975db44f8a8e5838,/home/joern/repos/pe-paper/results-own/ngtcp2-lifecycle-control-rt-n1-20260930/block06-artifact-streams/client.json,793374b75cb115a5055b7b3ca368c526f474dd5ca06209245024e9df8b811154,/home/joern/repos/pe-paper/results-own/ngtcp2-lifecycle-control-rt-n1-20260930/plan.json,c2752939543efc7337691598d5fb0fd7fa21a6cfd736fa92c6bf2a7b042dc7fd
6,current,idle,24,104857600,52.686367105,22.54140358,22.55160723,10.20365,37.19738426820766,37.21422213230255,15.921781024078069,0,6.8.1-1015-realtime,6.18.50+rpt-rpi-v8-rt,37f269698f787d767bd0769636d07a75a6217df3374c5ae7377123f56baec932,3796da82f93b12f6b875c6fcdd13c218a02cefffe5d6bd41b4383c26c1da69d7,b415559bfc90db2113e1c78da602f1f4d9d6d6139562dd527ff51bb8126a4a82,fca69ba065ffc15fc8173b1c3fee17a8a9dc7006fcc6b5db95b3d8ea2f9aa480,32bd6e84289d12ce70994c69a81a46f8e92f9d73,20260927,/home/joern/repos/pe-paper/results-own/ngtcp2-lifecycle-control-rt-n1-20260930/block06-current-idle/result.json,cc5d2b4e26ccb65a25152c372d0c3c5865c3d1ab4bfd077657e76b3bd4b8aaf4,/home/joern/repos/pe-paper/results-own/ngtcp2-lifecycle-control-rt-n1-20260930/block06-current-idle/client.json,74c6af057390186ab7fa74ed68038cd3f264cce853b14d277e778a0a76284fc3,/home/joern/repos/pe-paper/results-own/ngtcp2-lifecycle-control-rt-n1-20260930/plan.json,c2752939543efc7337691598d5fb0fd7fa21a6cfd736fa92c6bf2a7b042dc7fd
6,current,streams,22,104857600,22.554449382,22.550671857,22.554592657,3.9208,37.19246065566397,37.19892716808823,37.1926969172419,0,6.8.1-1015-realtime,6.18.50+rpt-rpi-v8-rt,37f269698f787d767bd0769636d07a75a6217df3374c5ae7377123f56baec932,3796da82f93b12f6b875c6fcdd13c218a02cefffe5d6bd41b4383c26c1da69d7,b415559bfc90db2113e1c78da602f1f4d9d6d6139562dd527ff51bb8126a4a82,fca69ba065ffc15fc8173b1c3fee17a8a9dc7006fcc6b5db95b3d8ea2f9aa480,32bd6e84289d12ce70994c69a81a46f8e92f9d73,20260927,/home/joern/repos/pe-paper/results-own/ngtcp2-lifecycle-control-rt-n1-20260930/block06-current-streams/result.json,649f1f35fdc5083b223abd7159752a4b54b657c4f734c61aaaeca23d8493375f,/home/joern/repos/pe-paper/results-own/ngtcp2-lifecycle-control-rt-n1-20260930/block06-current-streams/client.json,8cf7d3553237f3c499ab7472ffa0c8b8c006ecb1d5f83f30cb52b1d8b0fa3105,/home/joern/repos/pe-paper/results-own/ngtcp2-lifecycle-control-rt-n1-20260930/plan.json,c2752939543efc7337691598d5fb0fd7fa21a6cfd736fa92c6bf2a7b042dc7fd
7,artifact,idle,25,104857600,53.925179336,23.813136699,23.823333905,10.197206,35.21172995119468,35.22680823628022,15.556013171011998,0,6.8.1-1015-realtime,6.18.50+rpt-rpi-v8-rt,37f269698f787d767bd0769636d07a75a6217df3374c5ae7377123f56baec932,1112c8ffa00b60bbc217206005fc08f8a708ba12309c25845ecfb1bb12d870e0,88575ce4c1e9689ce091569c4420aad2b68edf00310dff8d131b1f93e81057eb,fca69ba065ffc15fc8173b1c3fee17a8a9dc7006fcc6b5db95b3d8ea2f9aa480,32bd6e84289d12ce70994c69a81a46f8e92f9d73,20260927,/home/joern/repos/pe-paper/results-own/ngtcp2-lifecycle-control-rt-n1-20260930/block07-artifact-idle/result.json,3182637e5d78c9fd3410c9ec3d8aa63cdf12299dafa9c1cc473e7eddbc1bceac,/home/joern/repos/pe-paper/results-own/ngtcp2-lifecycle-control-rt-n1-20260930/block07-artifact-idle/client.json,596b5007c1a1cf0ff03c835268f39bcdd97bdedb1caca05537c49d0aecbbea98,/home/joern/repos/pe-paper/results-own/ngtcp2-lifecycle-control-rt-n1-20260930/plan.json,c2752939543efc7337691598d5fb0fd7fa21a6cfd736fa92c6bf2a7b042dc7fd
7,artifact,streams,27,104857600,23.957304224,23.953000709,23.957493536,4.492827,35.01454769212298,35.021115316245535,35.01482437909872,0,6.8.1-1015-realtime,6.18.50+rpt-rpi-v8-rt,37f269698f787d767bd0769636d07a75a6217df3374c5ae7377123f56baec932,1112c8ffa00b60bbc217206005fc08f8a708ba12309c25845ecfb1bb12d870e0,88575ce4c1e9689ce091569c4420aad2b68edf00310dff8d131b1f93e81057eb,fca69ba065ffc15fc8173b1c3fee17a8a9dc7006fcc6b5db95b3d8ea2f9aa480,32bd6e84289d12ce70994c69a81a46f8e92f9d73,20260927,/home/joern/repos/pe-paper/results-own/ngtcp2-lifecycle-control-rt-n1-20260930/block07-artifact-streams/result.json,615fb73fd1d0863142aced77b2bb94415ee9dec69d0ec7e00872fbae65a36c94,/home/joern/repos/pe-paper/results-own/ngtcp2-lifecycle-control-rt-n1-20260930/block07-artifact-streams/client.json,5dbc0d0a13c22be09db69122a7971c1e1339eb2cbd149f73a1352649911be169,/home/joern/repos/pe-paper/results-own/ngtcp2-lifecycle-control-rt-n1-20260930/plan.json,c2752939543efc7337691598d5fb0fd7fa21a6cfd736fa92c6bf2a7b042dc7fd
7,current,idle,26,104857600,52.660084936,22.547769246,22.557986248,10.217002,37.18686547538674,37.20371584647181,15.929727440043111,0,6.8.1-1015-realtime,6.18.50+rpt-rpi-v8-rt,37f269698f787d767bd0769636d07a75a6217df3374c5ae7377123f56baec932,3796da82f93b12f6b875c6fcdd13c218a02cefffe5d6bd41b4383c26c1da69d7,b415559bfc90db2113e1c78da602f1f4d9d6d6139562dd527ff51bb8126a4a82,fca69ba065ffc15fc8173b1c3fee17a8a9dc7006fcc6b5db95b3d8ea2f9aa480,32bd6e84289d12ce70994c69a81a46f8e92f9d73,20260927,/home/joern/repos/pe-paper/results-own/ngtcp2-lifecycle-control-rt-n1-20260930/block07-current-idle/result.json,d32c04ed7dad0209d48dcf58db0437a24597b8a8364ae40c4ee63030a000e519,/home/joern/repos/pe-paper/results-own/ngtcp2-lifecycle-control-rt-n1-20260930/block07-current-idle/client.json,ae50a598a4c7e792f776395096625951cbb29de045f53042912f458d0539dd73,/home/joern/repos/pe-paper/results-own/ngtcp2-lifecycle-control-rt-n1-20260930/plan.json,c2752939543efc7337691598d5fb0fd7fa21a6cfd736fa92c6bf2a7b042dc7fd
7,current,streams,28,104857600,22.544455164,22.536339069,22.544557773,8.218704,37.20901551702396,37.222585151547534,37.20918487041243,0,6.8.1-1015-realtime,6.18.50+rpt-rpi-v8-rt,37f269698f787d767bd0769636d07a75a6217df3374c5ae7377123f56baec932,3796da82f93b12f6b875c6fcdd13c218a02cefffe5d6bd41b4383c26c1da69d7,b415559bfc90db2113e1c78da602f1f4d9d6d6139562dd527ff51bb8126a4a82,fca69ba065ffc15fc8173b1c3fee17a8a9dc7006fcc6b5db95b3d8ea2f9aa480,32bd6e84289d12ce70994c69a81a46f8e92f9d73,20260927,/home/joern/repos/pe-paper/results-own/ngtcp2-lifecycle-control-rt-n1-20260930/block07-current-streams/result.json,0725c9486f62b0328c243a4d61d50ab5960460e05a8c4940369a9f553f8ab072,/home/joern/repos/pe-paper/results-own/ngtcp2-lifecycle-control-rt-n1-20260930/block07-current-streams/client.json,b412b9cf7b05de448d04305d54d0364416661998c5218acde304a1c5fe871ac7,/home/joern/repos/pe-paper/results-own/ngtcp2-lifecycle-control-rt-n1-20260930/plan.json,c2752939543efc7337691598d5fb0fd7fa21a6cfd736fa92c6bf2a7b042dc7fd
8,artifact,idle,30,104857600,54.296122059,24.193717437,24.203982382,10.264945,34.657966063627754,34.67267079498544,15.449736890757421,0,6.8.1-1015-realtime,6.18.50+rpt-rpi-v8-rt,37f269698f787d767bd0769636d07a75a6217df3374c5ae7377123f56baec932,1112c8ffa00b60bbc217206005fc08f8a708ba12309c25845ecfb1bb12d870e0,88575ce4c1e9689ce091569c4420aad2b68edf00310dff8d131b1f93e81057eb,fca69ba065ffc15fc8173b1c3fee17a8a9dc7006fcc6b5db95b3d8ea2f9aa480,32bd6e84289d12ce70994c69a81a46f8e92f9d73,20260927,/home/joern/repos/pe-paper/results-own/ngtcp2-lifecycle-control-rt-n1-20260930/block08-artifact-idle/result.json,03aa4459cb61c4462c66476501ad32a9e37c80ed5ce84dce3d917d8c9d196ceb,/home/joern/repos/pe-paper/results-own/ngtcp2-lifecycle-control-rt-n1-20260930/block08-artifact-idle/client.json,035c54fabb48aaed591ebb1881c78f5dcd527e43c34db324aa771e5d9fc49066,/home/joern/repos/pe-paper/results-own/ngtcp2-lifecycle-control-rt-n1-20260930/plan.json,c2752939543efc7337691598d5fb0fd7fa21a6cfd736fa92c6bf2a7b042dc7fd
8,artifact,streams,29,104857600,24.431657339,24.420763479,24.431034276,10.270797,34.33586930963708,34.350310166238515,34.33499366663658,0,6.8.1-1015-realtime,6.18.50+rpt-rpi-v8-rt,37f269698f787d767bd0769636d07a75a6217df3374c5ae7377123f56baec932,1112c8ffa00b60bbc217206005fc08f8a708ba12309c25845ecfb1bb12d870e0,88575ce4c1e9689ce091569c4420aad2b68edf00310dff8d131b1f93e81057eb,fca69ba065ffc15fc8173b1c3fee17a8a9dc7006fcc6b5db95b3d8ea2f9aa480,32bd6e84289d12ce70994c69a81a46f8e92f9d73,20260927,/home/joern/repos/pe-paper/results-own/ngtcp2-lifecycle-control-rt-n1-20260930/block08-artifact-streams/result.json,e6f9bc6c39cbac70be89b45bff6a810fd380288c06ad095850f9840c21756dbf,/home/joern/repos/pe-paper/results-own/ngtcp2-lifecycle-control-rt-n1-20260930/block08-artifact-streams/client.json,f28998246525a10d2231f407e5730ba0989fa81143732ac39ec60139ba3ca8cf,/home/joern/repos/pe-paper/results-own/ngtcp2-lifecycle-control-rt-n1-20260930/plan.json,c2752939543efc7337691598d5fb0fd7fa21a6cfd736fa92c6bf2a7b042dc7fd
8,current,idle,32,104857600,52.684806887,22.548405343,22.558601196,10.195853,37.185851760557895,37.202666318947415,15.922252534762338,0,6.8.1-1015-realtime,6.18.50+rpt-rpi-v8-rt,37f269698f787d767bd0769636d07a75a6217df3374c5ae7377123f56baec932,3796da82f93b12f6b875c6fcdd13c218a02cefffe5d6bd41b4383c26c1da69d7,b415559bfc90db2113e1c78da602f1f4d9d6d6139562dd527ff51bb8126a4a82,fca69ba065ffc15fc8173b1c3fee17a8a9dc7006fcc6b5db95b3d8ea2f9aa480,32bd6e84289d12ce70994c69a81a46f8e92f9d73,20260927,/home/joern/repos/pe-paper/results-own/ngtcp2-lifecycle-control-rt-n1-20260930/block08-current-idle/result.json,fecbacff372fe180c501e92cd3eab3bc5efaedb519393de8b7af29b9f533de17,/home/joern/repos/pe-paper/results-own/ngtcp2-lifecycle-control-rt-n1-20260930/block08-current-idle/client.json,50d4d4d4f7ad7e61c73a577dff492ceb2f57c7e7928c354efc668857beaa3b57,/home/joern/repos/pe-paper/results-own/ngtcp2-lifecycle-control-rt-n1-20260930/plan.json,c2752939543efc7337691598d5fb0fd7fa21a6cfd736fa92c6bf2a7b042dc7fd
8,current,streams,31,104857600,22.656794188,22.651992793,22.656928723,4.93593,37.02447097997167,37.03253871152686,37.02469082957448,0,6.8.1-1015-realtime,6.18.50+rpt-rpi-v8-rt,37f269698f787d767bd0769636d07a75a6217df3374c5ae7377123f56baec932,3796da82f93b12f6b875c6fcdd13c218a02cefffe5d6bd41b4383c26c1da69d7,b415559bfc90db2113e1c78da602f1f4d9d6d6139562dd527ff51bb8126a4a82,fca69ba065ffc15fc8173b1c3fee17a8a9dc7006fcc6b5db95b3d8ea2f9aa480,32bd6e84289d12ce70994c69a81a46f8e92f9d73,20260927,/home/joern/repos/pe-paper/results-own/ngtcp2-lifecycle-control-rt-n1-20260930/block08-current-streams/result.json,4e6743c5137a3784acdc7f6ed00f09384b3f0f3a7d288e86dfb37d2311389d25,/home/joern/repos/pe-paper/results-own/ngtcp2-lifecycle-control-rt-n1-20260930/block08-current-streams/client.json,9ea52b45126af82cfbacdca9f528b7257bc8fd5c9d724fae02b5bbe7b00b6426,/home/joern/repos/pe-paper/results-own/ngtcp2-lifecycle-control-rt-n1-20260930/plan.json,c2752939543efc7337691598d5fb0fd7fa21a6cfd736fa92c6bf2a7b042dc7fd
9,artifact,idle,35,104857600,54.274643995,24.176946884,24.187253164,10.30628,34.68193739537773,34.69672179968876,15.455850803503738,0,6.8.1-1015-realtime,6.18.50+rpt-rpi-v8-rt,37f269698f787d767bd0769636d07a75a6217df3374c5ae7377123f56baec932,1112c8ffa00b60bbc217206005fc08f8a708ba12309c25845ecfb1bb12d870e0,88575ce4c1e9689ce091569c4420aad2b68edf00310dff8d131b1f93e81057eb,fca69ba065ffc15fc8173b1c3fee17a8a9dc7006fcc6b5db95b3d8ea2f9aa480,32bd6e84289d12ce70994c69a81a46f8e92f9d73,20260927,/home/joern/repos/pe-paper/results-own/ngtcp2-lifecycle-control-rt-n1-20260930/block09-artifact-idle/result.json,e20d3afccaa8db3369284fc8cd198127514c126acc4ad5a8dc7de7cd901baa0e,/home/joern/repos/pe-paper/results-own/ngtcp2-lifecycle-control-rt-n1-20260930/block09-artifact-idle/client.json,47e5021bf45b49d5653e0fc06c767dba70f33db32a1e997cdf46c8a9d70e57ef,/home/joern/repos/pe-paper/results-own/ngtcp2-lifecycle-control-rt-n1-20260930/plan.json,c2752939543efc7337691598d5fb0fd7fa21a6cfd736fa92c6bf2a7b042dc7fd
9,artifact,streams,36,104857600,24.118928328,24.106717453,24.116964074,10.246621,34.78301818695159,34.7978027964818,34.780185445725415,0,6.8.1-1015-realtime,6.18.50+rpt-rpi-v8-rt,37f269698f787d767bd0769636d07a75a6217df3374c5ae7377123f56baec932,1112c8ffa00b60bbc217206005fc08f8a708ba12309c25845ecfb1bb12d870e0,88575ce4c1e9689ce091569c4420aad2b68edf00310dff8d131b1f93e81057eb,fca69ba065ffc15fc8173b1c3fee17a8a9dc7006fcc6b5db95b3d8ea2f9aa480,32bd6e84289d12ce70994c69a81a46f8e92f9d73,20260927,/home/joern/repos/pe-paper/results-own/ngtcp2-lifecycle-control-rt-n1-20260930/block09-artifact-streams/result.json,0f0d5179b85efe17268dd1bb9a09ffa08f827ff11787d50ff78915e80e15f4fa,/home/joern/repos/pe-paper/results-own/ngtcp2-lifecycle-control-rt-n1-20260930/block09-artifact-streams/client.json,ca57de638c93624b472f896a3f471587b27a32c4a32cc5676d3a7322c8235fd5,/home/joern/repos/pe-paper/results-own/ngtcp2-lifecycle-control-rt-n1-20260930/plan.json,c2752939543efc7337691598d5fb0fd7fa21a6cfd736fa92c6bf2a7b042dc7fd
9,current,idle,33,104857600,52.690979991,22.55539151,22.565575771,10.184261,37.174358346222945,37.19114339594099,15.92038713539364,0,6.8.1-1015-realtime,6.18.50+rpt-rpi-v8-rt,37f269698f787d767bd0769636d07a75a6217df3374c5ae7377123f56baec932,3796da82f93b12f6b875c6fcdd13c218a02cefffe5d6bd41b4383c26c1da69d7,b415559bfc90db2113e1c78da602f1f4d9d6d6139562dd527ff51bb8126a4a82,fca69ba065ffc15fc8173b1c3fee17a8a9dc7006fcc6b5db95b3d8ea2f9aa480,32bd6e84289d12ce70994c69a81a46f8e92f9d73,20260927,/home/joern/repos/pe-paper/results-own/ngtcp2-lifecycle-control-rt-n1-20260930/block09-current-idle/result.json,30f80558292f868eabf442c4e2c02918431a65f7238b30230e11bdc3717e2f36,/home/joern/repos/pe-paper/results-own/ngtcp2-lifecycle-control-rt-n1-20260930/block09-current-idle/client.json,916bbe62e583b5fd5e1152f3456723c32cf0118f5810229b871a2e22a8456dae,/home/joern/repos/pe-paper/results-own/ngtcp2-lifecycle-control-rt-n1-20260930/plan.json,c2752939543efc7337691598d5fb0fd7fa21a6cfd736fa92c6bf2a7b042dc7fd
9,current,streams,34,104857600,22.676193612,22.665992579,22.676302236,10.309657,36.99283910003007,37.009665342306825,36.99301630393929,0,6.8.1-1015-realtime,6.18.50+rpt-rpi-v8-rt,37f269698f787d767bd0769636d07a75a6217df3374c5ae7377123f56baec932,3796da82f93b12f6b875c6fcdd13c218a02cefffe5d6bd41b4383c26c1da69d7,b415559bfc90db2113e1c78da602f1f4d9d6d6139562dd527ff51bb8126a4a82,fca69ba065ffc15fc8173b1c3fee17a8a9dc7006fcc6b5db95b3d8ea2f9aa480,32bd6e84289d12ce70994c69a81a46f8e92f9d73,20260927,/home/joern/repos/pe-paper/results-own/ngtcp2-lifecycle-control-rt-n1-20260930/block09-current-streams/result.json,d91d614fe6aead3b0031d1e3af40f53998c7224bbd4fd5c020ce7b764d9480ab,/home/joern/repos/pe-paper/results-own/ngtcp2-lifecycle-control-rt-n1-20260930/block09-current-streams/client.json,1af97750abb8c7b34b439a5ec77d9cf7d86aec167a29c724e9aec2effefe0252,/home/joern/repos/pe-paper/results-own/ngtcp2-lifecycle-control-rt-n1-20260930/plan.json,c2752939543efc7337691598d5fb0fd7fa21a6cfd736fa92c6bf2a7b042dc7fd
10,artifact,idle,40,104857600,53.978115236,23.865154174,23.875374028,10.219854,35.134980462137285,35.15002643116803,15.54075751501106,0,6.8.1-1015-realtime,6.18.50+rpt-rpi-v8-rt,37f269698f787d767bd0769636d07a75a6217df3374c5ae7377123f56baec932,1112c8ffa00b60bbc217206005fc08f8a708ba12309c25845ecfb1bb12d870e0,88575ce4c1e9689ce091569c4420aad2b68edf00310dff8d131b1f93e81057eb,fca69ba065ffc15fc8173b1c3fee17a8a9dc7006fcc6b5db95b3d8ea2f9aa480,32bd6e84289d12ce70994c69a81a46f8e92f9d73,20260927,/home/joern/repos/pe-paper/results-own/ngtcp2-lifecycle-control-rt-n1-20260930/block10-artifact-idle/result.json,61f574443cc10401e1eb42c73a783e68b672e9cf151acb47c0184be8ef4028e8,/home/joern/repos/pe-paper/results-own/ngtcp2-lifecycle-control-rt-n1-20260930/block10-artifact-idle/client.json,c7bb5d7de30a7d696515e12b38c403cec41d5080767a7eb95db0e4044e687dd9,/home/joern/repos/pe-paper/results-own/ngtcp2-lifecycle-control-rt-n1-20260930/plan.json,c2752939543efc7337691598d5fb0fd7fa21a6cfd736fa92c6bf2a7b042dc7fd
10,artifact,streams,37,104857600,23.456753821,23.450983235,23.456945869,5.962634,35.7617229747123,35.77081573057549,35.76201576745874,0,6.8.1-1015-realtime,6.18.50+rpt-rpi-v8-rt,37f269698f787d767bd0769636d07a75a6217df3374c5ae7377123f56baec932,1112c8ffa00b60bbc217206005fc08f8a708ba12309c25845ecfb1bb12d870e0,88575ce4c1e9689ce091569c4420aad2b68edf00310dff8d131b1f93e81057eb,fca69ba065ffc15fc8173b1c3fee17a8a9dc7006fcc6b5db95b3d8ea2f9aa480,32bd6e84289d12ce70994c69a81a46f8e92f9d73,20260927,/home/joern/repos/pe-paper/results-own/ngtcp2-lifecycle-control-rt-n1-20260930/block10-artifact-streams/result.json,b95731c9200543298aed328cc8ec169c523d2cdaba10414de1717564a007e971,/home/joern/repos/pe-paper/results-own/ngtcp2-lifecycle-control-rt-n1-20260930/block10-artifact-streams/client.json,99ade1d440d343bafd939f5b1a2eece3baafec7ba72e2f4ed9c9b6c780d21431,/home/joern/repos/pe-paper/results-own/ngtcp2-lifecycle-control-rt-n1-20260930/plan.json,c2752939543efc7337691598d5fb0fd7fa21a6cfd736fa92c6bf2a7b042dc7fd
10,current,idle,39,104857600,52.689006114,22.547656775,22.557846704,10.189929,37.18709551524932,37.20390142403168,15.920983557461833,0,6.8.1-1015-realtime,6.18.50+rpt-rpi-v8-rt,37f269698f787d767bd0769636d07a75a6217df3374c5ae7377123f56baec932,3796da82f93b12f6b875c6fcdd13c218a02cefffe5d6bd41b4383c26c1da69d7,b415559bfc90db2113e1c78da602f1f4d9d6d6139562dd527ff51bb8126a4a82,fca69ba065ffc15fc8173b1c3fee17a8a9dc7006fcc6b5db95b3d8ea2f9aa480,32bd6e84289d12ce70994c69a81a46f8e92f9d73,20260927,/home/joern/repos/pe-paper/results-own/ngtcp2-lifecycle-control-rt-n1-20260930/block10-current-idle/result.json,387cb457421a57070ca6d190fdc5320426ddbf63688e074bf89a5c80499817bc,/home/joern/repos/pe-paper/results-own/ngtcp2-lifecycle-control-rt-n1-20260930/block10-current-idle/client.json,a5b927f957f7bca555217a460fc810a0c92a0a9b93071b57b173c7e7adff6af0,/home/joern/repos/pe-paper/results-own/ngtcp2-lifecycle-control-rt-n1-20260930/plan.json,c2752939543efc7337691598d5fb0fd7fa21a6cfd736fa92c6bf2a7b042dc7fd
10,current,streams,38,104857600,22.566055973,22.555328425,22.565773317,10.444892,37.174032913290034,37.19124741585314,37.17356728192495,0,6.8.1-1015-realtime,6.18.50+rpt-rpi-v8-rt,37f269698f787d767bd0769636d07a75a6217df3374c5ae7377123f56baec932,3796da82f93b12f6b875c6fcdd13c218a02cefffe5d6bd41b4383c26c1da69d7,b415559bfc90db2113e1c78da602f1f4d9d6d6139562dd527ff51bb8126a4a82,fca69ba065ffc15fc8173b1c3fee17a8a9dc7006fcc6b5db95b3d8ea2f9aa480,32bd6e84289d12ce70994c69a81a46f8e92f9d73,20260927,/home/joern/repos/pe-paper/results-own/ngtcp2-lifecycle-control-rt-n1-20260930/block10-current-streams/result.json,3a635b4308f3e0be7e8a9d034b0aab0affab2b16ee28488082fac3368a85e2de,/home/joern/repos/pe-paper/results-own/ngtcp2-lifecycle-control-rt-n1-20260930/block10-current-streams/client.json,5ca289b5b14b3125aa2a4f6995487a162b82df1754b521e7aa6035c7e33ba8f2,/home/joern/repos/pe-paper/results-own/ngtcp2-lifecycle-control-rt-n1-20260930/plan.json,c2752939543efc7337691598d5fb0fd7fa21a6cfd736fa92c6bf2a7b042dc7fd
