arm,cell,run,client_lifetime_s,capture_span_s,runtime_minus_capture_span_s,idle_close_logged,time_sha256,log_sha256
A,ngtcp2:bbr:default:gso0,rt-n1-20260930-armA-gso0-ngtcp2-bbr-default-rep1,60.01870517,29.933260765,30.085444404999997,True,3e62bb06b52cd7eaeb6a1c2872d1b042c5affff52ad9f8879d19ebccfa42dd34,57137d8241a69c1883b40c1dc0ba46e7b17857390463e64532e7b36f50ff67f0
A,ngtcp2:bbr:default:gso0,rt-n1-20260930-armA-gso0-ngtcp2-bbr-default-rep10,59.890814712,29.804827515,30.085987197,True,e3d4c696c61d1992a12fe4d24ffba5abef137b3cd693cbbc90bea6d83e6a25f6,9a228e44eb2250e6a8edb2a7a01adeb1d82905144bbe2d7b6e04f3bb1b584dfb
A,ngtcp2:bbr:default:gso0,rt-n1-20260930-armA-gso0-ngtcp2-bbr-default-rep2,61.459939659,31.373181785,30.086757874,True,3c71ea9689a9994254070bff6cf5046ac0c2d54136455487c6dd92e5f37443e3,713fac00bd59385a02ab0b3e20ad2ae384643a3b6678d1dade91c9acb812c6e4
A,ngtcp2:bbr:default:gso0,rt-n1-20260930-armA-gso0-ngtcp2-bbr-default-rep3,60.708406974,30.621751052,30.086655922,True,7ddc8d44d5edf732ce76c07880cf4aaaaafe13c050279683b451809cc7c6dc33,dfcde3964f0b8923889b1b9621f0727268482620f64875446b67ea1d49a2d770
A,ngtcp2:bbr:default:gso0,rt-n1-20260930-armA-gso0-ngtcp2-bbr-default-rep4,59.488799533,29.402461256,30.086338277,True,4d69be8c9981225de92f42386bab6f59eeae5119f33745c9df82557d403abb26,363ac5a31fef2aafb9a103533a08bd4007b00bc6caf3a99f8aa9636f34503063
A,ngtcp2:bbr:default:gso0,rt-n1-20260930-armA-gso0-ngtcp2-bbr-default-rep5,59.193176465,29.107180816,30.085995649,True,ccb682448a501aee7d858e4a1ccde7845c23f28427af6abae678ac04b30f1ffc,0a584bb68d00ffa06720d8a349f10aef0c1df3d0dc21bfa74651c26570c4e1c9
A,ngtcp2:bbr:default:gso0,rt-n1-20260930-armA-gso0-ngtcp2-bbr-default-rep6,58.431370767,28.345852742,30.085518024999995,True,3d9fbe0d53ae80dd9ba002ec77d8dcd72d8688131c9438e1115d7180afca81f7,37c60ae754c0c8413e2ac11c50e65dc3ea93c48c31f9b67ef02108e77885a828
A,ngtcp2:bbr:default:gso0,rt-n1-20260930-armA-gso0-ngtcp2-bbr-default-rep7,58.867035999,28.781019481,30.086016518,True,03a16170638cc7f1bb9d7338442044b9e3268606e0215509461ad8dd7b216aff,15ab8b86c2cee7167e53d1017a26170999183b27c53692045ab98f140d3a2ad1
A,ngtcp2:bbr:default:gso0,rt-n1-20260930-armA-gso0-ngtcp2-bbr-default-rep8,60.691828574,30.604022154,30.08780642,True,6b5a68ad5748d30e518135f6385a86d83005272ac882348b22563b0be7f1b738,03b3f54ad8e3bc973fabf7742a440c36affe930022d895dc8ffb87268bdef3e1
A,ngtcp2:bbr:default:gso0,rt-n1-20260930-armA-gso0-ngtcp2-bbr-default-rep9,59.142249029,29.055506404,30.086742625,True,680e996c95560172b3d1a7ab853d86c433c9b1320d7ed85f159c3b49110ab328,e460adf7ff6f20140d043bad05927ceb976a4c0d9fea4397bf4cce55855e88aa
A,ngtcp2:cubic:default:gso0,rt-n1-20260930-armA-gso0-ngtcp2-cubic-default-rep1,53.912544116,23.826321778,30.086222338,True,4103c71958e0c1240aea2422a902210b6a98c828fd527c05e4d33a9f9ae4b77b,1d1cf9a571b5d37aacce7503a25839ce99da57eb32b41a9c810e652b0e2fd158
A,ngtcp2:cubic:default:gso0,rt-n1-20260930-armA-gso0-ngtcp2-cubic-default-rep10,53.797402794,23.711191877,30.086210917,True,381a6baba6156f6ac9b08feafefa2b433e86f0a28953c5809373f98f6441a7f6,d2e37483790dbb805f934ca92d85e3ae0257c508f63260d5b87020683ade8006
A,ngtcp2:cubic:default:gso0,rt-n1-20260930-armA-gso0-ngtcp2-cubic-default-rep2,54.05997577,23.972978421,30.086997349,True,15cde230d64b88fb1348c9823cc41a0580624ed66728b6e9f61fc84743db15e2,af3ff3fa5c890e1c31912cbc500bf4935b7c61d5d3bacc3b41759700d3ab41ea
A,ngtcp2:cubic:default:gso0,rt-n1-20260930-armA-gso0-ngtcp2-cubic-default-rep3,54.16819392,24.081886673,30.086307247,True,54b1e2d75e4c4e09c9f9ff9b826c8e4d0b84bce3f5c5c009bc1a91fb5a447df5,9d1ce77b699bb1f56059ef7a2718aec20da1acff89aabde3b2a9bede736a0c57
A,ngtcp2:cubic:default:gso0,rt-n1-20260930-armA-gso0-ngtcp2-cubic-default-rep4,53.622677034,23.536030828,30.086646205999998,True,0d265c33df6508da849f253259348567c08e5f8c31e96daaf3e5983289a9d28b,79b67b6c5870ea655d02d91c50c6deb41a322ca10c022b6a7e9a0912c90cfa46
A,ngtcp2:cubic:default:gso0,rt-n1-20260930-armA-gso0-ngtcp2-cubic-default-rep5,55.308804952,25.222525783,30.086279169000004,True,7d1d35109ac1c9c05e69302be559b9f95a6e16d221c551080e9654dbb830359b,167c7bc1926c878b24f24fb81346f0e629b732dfa1ba6c1fc8821d56a0d94ef4
A,ngtcp2:cubic:default:gso0,rt-n1-20260930-armA-gso0-ngtcp2-cubic-default-rep6,54.275379004,24.189333187,30.086045817000002,True,1b4e7f059e39ff947113c4f67a715e02ccaf79299a299507f70d9f7b79d72ddb,e245fd75742cb37186736eb179c9e52351c4f180b521a3b68e1bbf879618e61b
A,ngtcp2:cubic:default:gso0,rt-n1-20260930-armA-gso0-ngtcp2-cubic-default-rep7,54.122190622,24.034354132,30.087836489999997,True,4ad3b594fbe6205e2cd26a76fae639fda18c11301a0850dc4f2348df42439ee1,96fa6a3b10375d9a231fe8a1c46c3b5079437a0e408b5ff3f88458775cbb6281
A,ngtcp2:cubic:default:gso0,rt-n1-20260930-armA-gso0-ngtcp2-cubic-default-rep8,53.631434375,23.543886255,30.087548119999997,True,51d52cc1855e630c3570999551a4b60110fee219b6a91063560ec6d64555239f,4e8864e6110586c02f3ebb84c9d8bc76596baa132f6f9bb5932b0298c2aa586c
A,ngtcp2:cubic:default:gso0,rt-n1-20260930-armA-gso0-ngtcp2-cubic-default-rep9,54.076448147,23.989675812,30.086772335,True,434ada06c411f888e091e9302a7b9907040d712e760d7119241eb738b19033b8,2aa0ce4d033d5abe6d13bfc534933228bbe5911788941c82bfdc491cbb271e2e
B,ngtcp2:bbr:default:gso0,rt-n1-20260930-armB-gso0-ngtcp2-bbr-default-rep1,23.773380067,23.637491571,0.13588849599999975,False,d72e0155be8762a7574eea714f5186160ed1739e67115f76995498874699c9fd,e3b0c44298fc1c149afbf4c8996fb92427ae41e4649b934ca495991b7852b855
B,ngtcp2:bbr:default:gso0,rt-n1-20260930-armB-gso0-ngtcp2-bbr-default-rep10,23.871922893,23.733680982,0.1382419110000015,False,16dafa0a08e311a33a1810f952590ddc99336ba8f16ed94f744f479377d1e8cc,e3b0c44298fc1c149afbf4c8996fb92427ae41e4649b934ca495991b7852b855
B,ngtcp2:bbr:default:gso0,rt-n1-20260930-armB-gso0-ngtcp2-bbr-default-rep2,23.744949624,23.49422389,0.25072573399999953,False,a644eeb7d49d557266d3d607c42e140127a277ed01ff8bd7726d254d7640aa58,e3b0c44298fc1c149afbf4c8996fb92427ae41e4649b934ca495991b7852b855
B,ngtcp2:bbr:default:gso0,rt-n1-20260930-armB-gso0-ngtcp2-bbr-default-rep3,23.962318031,23.818895757,0.14342227399999885,False,1d17b5b8d6e01464d9ccb7d020d65c6f66672bf5fb5c9f9cf01755838065a03b,e3b0c44298fc1c149afbf4c8996fb92427ae41e4649b934ca495991b7852b855
B,ngtcp2:bbr:default:gso0,rt-n1-20260930-armB-gso0-ngtcp2-bbr-default-rep4,29.312867457,29.164108635,0.1487588219999978,False,bbd15760c0c42635d04e824ced58b6e7ae3868f5f3e6b7428ae0016afb5b3204,e3b0c44298fc1c149afbf4c8996fb92427ae41e4649b934ca495991b7852b855
B,ngtcp2:bbr:default:gso0,rt-n1-20260930-armB-gso0-ngtcp2-bbr-default-rep5,24.014054628,23.811978161,0.20207646700000126,False,908a6c930a4925aa59089f18e7f0a41014b0e0f87920c093237f9589709afd77,e3b0c44298fc1c149afbf4c8996fb92427ae41e4649b934ca495991b7852b855
B,ngtcp2:bbr:default:gso0,rt-n1-20260930-armB-gso0-ngtcp2-bbr-default-rep6,23.852907232,23.698179343,0.15472788900000012,False,ccdd8cba15be4a1ed340d478307140e0c46ae965ca5e9fd130556140d5e71664,e3b0c44298fc1c149afbf4c8996fb92427ae41e4649b934ca495991b7852b855
B,ngtcp2:bbr:default:gso0,rt-n1-20260930-armB-gso0-ngtcp2-bbr-default-rep7,23.793301624,23.647217006,0.14608461799999972,False,7948f21b6947be00429fc0d1ccf65c15377cc0667e6beaa4d3039f40ab130e2d,e3b0c44298fc1c149afbf4c8996fb92427ae41e4649b934ca495991b7852b855
B,ngtcp2:bbr:default:gso0,rt-n1-20260930-armB-gso0-ngtcp2-bbr-default-rep8,23.774506577,23.633797658,0.1407089190000015,False,f3c2667e520475b3a4e88c2bbc91b2f03d2752c60cceec22368c1af0c5a4ef88,e3b0c44298fc1c149afbf4c8996fb92427ae41e4649b934ca495991b7852b855
B,ngtcp2:bbr:default:gso0,rt-n1-20260930-armB-gso0-ngtcp2-bbr-default-rep9,23.909768097,23.779873039,0.1298950579999989,False,d535c8dd6c35e9c6cc3ed307ef0b4294ebf4ad75b31d4fc611c61cc1fa3e1b7f,e3b0c44298fc1c149afbf4c8996fb92427ae41e4649b934ca495991b7852b855
B,ngtcp2:cubic:default:gso0,rt-n1-20260930-armB-gso0-ngtcp2-cubic-default-rep1,22.56691812,22.452252421,0.11466569899999968,False,54f7bdd695e65107ef41f96151c1f91b4349e09c80b138654c3fe31d271e0d8e,e3b0c44298fc1c149afbf4c8996fb92427ae41e4649b934ca495991b7852b855
B,ngtcp2:cubic:default:gso0,rt-n1-20260930-armB-gso0-ngtcp2-cubic-default-rep10,22.542249333,22.43414797,0.1081013629999994,False,471bb9c3d2c142aa5dcca1688c85a2573c96f37bf30e5f0f29dd6c5134205849,e3b0c44298fc1c149afbf4c8996fb92427ae41e4649b934ca495991b7852b855
B,ngtcp2:cubic:default:gso0,rt-n1-20260930-armB-gso0-ngtcp2-cubic-default-rep2,22.572444771,22.464945828,0.10749894299999951,False,34a308532af72cf2b42d2951431e10f585475616840532598bf1914efdf9938d,e3b0c44298fc1c149afbf4c8996fb92427ae41e4649b934ca495991b7852b855
B,ngtcp2:cubic:default:gso0,rt-n1-20260930-armB-gso0-ngtcp2-cubic-default-rep3,22.560297647,22.453712674,0.10658497300000036,False,764ecd567c7e95bc7fc3f80e3e0186968daabdf24f36bdc1126021521c12cfc3,e3b0c44298fc1c149afbf4c8996fb92427ae41e4649b934ca495991b7852b855
B,ngtcp2:cubic:default:gso0,rt-n1-20260930-armB-gso0-ngtcp2-cubic-default-rep4,22.569860279,22.46780085,0.10205942900000053,False,ab891d9f58ff136860c0deaa1d28eced7c14ce88c1f5cf0fc2f4310a30848fbe,e3b0c44298fc1c149afbf4c8996fb92427ae41e4649b934ca495991b7852b855
B,ngtcp2:cubic:default:gso0,rt-n1-20260930-armB-gso0-ngtcp2-cubic-default-rep5,22.558909616,22.444672757,0.1142368590000018,False,a0b59d5d64bd56d3d4fd749fcfe54d67069a1062ff5e97a2230d0f90b32dd52e,e3b0c44298fc1c149afbf4c8996fb92427ae41e4649b934ca495991b7852b855
B,ngtcp2:cubic:default:gso0,rt-n1-20260930-armB-gso0-ngtcp2-cubic-default-rep6,22.56845467,22.460236848,0.1082178220000003,False,1d72043e652ef0a84dbafd5540dce1b93dc187d2c421cff9d9c67967c9716404,e3b0c44298fc1c149afbf4c8996fb92427ae41e4649b934ca495991b7852b855
B,ngtcp2:cubic:default:gso0,rt-n1-20260930-armB-gso0-ngtcp2-cubic-default-rep7,22.537249661,22.418406244,0.11884341700000078,False,3dce3aef70b5e7812e88735742ddfeff677756e760a17484d24d8592d71502e7,e3b0c44298fc1c149afbf4c8996fb92427ae41e4649b934ca495991b7852b855
B,ngtcp2:cubic:default:gso0,rt-n1-20260930-armB-gso0-ngtcp2-cubic-default-rep8,22.541374786,22.398593427,0.1427813589999971,False,135f1712bd5ac217cdbd5ab3ac52249b23f8a1d05cc59631f4541d2d26ccebe5,e3b0c44298fc1c149afbf4c8996fb92427ae41e4649b934ca495991b7852b855
B,ngtcp2:cubic:default:gso0,rt-n1-20260930-armB-gso0-ngtcp2-cubic-default-rep9,22.55893855,22.454409965,0.10452858500000062,False,96a6010bd17b7afe1e94b593d7df9df15480cf06e7da08f8e68b68af0eb9725f,e3b0c44298fc1c149afbf4c8996fb92427ae41e4649b934ca495991b7852b855
C,ngtcp2:bbr:default:gso0,rt-n1-20260930-armC-gso0-ngtcp2-bbr-default-rep1,39.455180389,39.393234188,0.061946200999997814,False,ecd8d69a36aaa4320f1e3c08c1ca52ac4aaa3445b2c8f26425337fd2e4904ad2,e3b0c44298fc1c149afbf4c8996fb92427ae41e4649b934ca495991b7852b855
C,ngtcp2:bbr:default:gso0,rt-n1-20260930-armC-gso0-ngtcp2-bbr-default-rep10,47.22093907,47.17465165,0.04628741999999875,False,f5459bd21938448e7cb47997e58361a1c21287ee16b1291361df5c01c38bbb9a,e3b0c44298fc1c149afbf4c8996fb92427ae41e4649b934ca495991b7852b855
C,ngtcp2:bbr:default:gso0,rt-n1-20260930-armC-gso0-ngtcp2-bbr-default-rep2,42.044425378,42.027198119,0.017227259000001993,False,216fce8c5a4ab2f75065d53ec8a041780b8458397ccbe7e45e672708d449475f,e3b0c44298fc1c149afbf4c8996fb92427ae41e4649b934ca495991b7852b855
C,ngtcp2:bbr:default:gso0,rt-n1-20260930-armC-gso0-ngtcp2-bbr-default-rep3,42.196411745,42.155058538,0.041353207000000225,False,97d6fb76ec5ff6483ccb1e07524b1aaa8979e19710bb4175e611bf7e32db6442,e3b0c44298fc1c149afbf4c8996fb92427ae41e4649b934ca495991b7852b855
C,ngtcp2:bbr:default:gso0,rt-n1-20260930-armC-gso0-ngtcp2-bbr-default-rep4,41.923670937,41.88407735,0.03959358699999882,False,e6ea01fa3b98fb3a3ba654d563dee266a7744ff7291cad438a79fb279c152147,e3b0c44298fc1c149afbf4c8996fb92427ae41e4649b934ca495991b7852b855
C,ngtcp2:bbr:default:gso0,rt-n1-20260930-armC-gso0-ngtcp2-bbr-default-rep5,46.81309082,46.76415773,0.04893308999999846,False,5d6d1918a31ae517ac4053737ba4798185ac9c9b2f25f3f230b912f388b57d79,e3b0c44298fc1c149afbf4c8996fb92427ae41e4649b934ca495991b7852b855
C,ngtcp2:bbr:default:gso0,rt-n1-20260930-armC-gso0-ngtcp2-bbr-default-rep6,42.338103192,42.289390132,0.0487130599999972,False,216750cdc315d4243a7e963e6522630ee72933da1ce6ad2d9f710d2665467b61,e3b0c44298fc1c149afbf4c8996fb92427ae41e4649b934ca495991b7852b855
C,ngtcp2:bbr:default:gso0,rt-n1-20260930-armC-gso0-ngtcp2-bbr-default-rep7,40.976088794,40.952060934,0.024027859999996792,False,155cfd8b59f1e84decd862784f859f49dc45273ab7cc7ad42f1612a3c214d206,e3b0c44298fc1c149afbf4c8996fb92427ae41e4649b934ca495991b7852b855
C,ngtcp2:bbr:default:gso0,rt-n1-20260930-armC-gso0-ngtcp2-bbr-default-rep8,43.247500446,43.193633297,0.05386714899999845,False,99837d2ded0da62d19c05bbf87836c47f61781303acdea755f2813b582382960,e3b0c44298fc1c149afbf4c8996fb92427ae41e4649b934ca495991b7852b855
C,ngtcp2:bbr:default:gso0,rt-n1-20260930-armC-gso0-ngtcp2-bbr-default-rep9,39.165259286,39.130561969,0.03469731700000267,False,b911f92e8cf9aaa20ec8636935b0353a232c6fdbbc9036335b8eacde68165baa,e3b0c44298fc1c149afbf4c8996fb92427ae41e4649b934ca495991b7852b855
C,ngtcp2:cubic:default:gso0,rt-n1-20260930-armC-gso0-ngtcp2-cubic-default-rep1,52.104739098,52.040835997,0.06390310100000107,False,cf704c4fba7fd014adf20862f8d3a830845e94233b8f4e289dbcb3dbfc6a958b,e3b0c44298fc1c149afbf4c8996fb92427ae41e4649b934ca495991b7852b855
C,ngtcp2:cubic:default:gso0,rt-n1-20260930-armC-gso0-ngtcp2-cubic-default-rep10,47.61648021,47.561059937,0.055420272999995746,False,d979987993980a07bf1d4cd6a8b39c79ad02c12cea1cd22400de18d7aef8635a,e3b0c44298fc1c149afbf4c8996fb92427ae41e4649b934ca495991b7852b855
C,ngtcp2:cubic:default:gso0,rt-n1-20260930-armC-gso0-ngtcp2-cubic-default-rep2,42.993241736,42.95958564,0.03365609600000141,False,214597aa73d11339bfe30a360acc0dca868043aa9504c5d1c97e12ac806ae2cc,e3b0c44298fc1c149afbf4c8996fb92427ae41e4649b934ca495991b7852b855
C,ngtcp2:cubic:default:gso0,rt-n1-20260930-armC-gso0-ngtcp2-cubic-default-rep3,40.774626683,40.748459751,0.02616693200000242,False,094f90ad42414b45edc199e41847efdd5872147dcc6d0c6601ef31cc72d6c66d,e3b0c44298fc1c149afbf4c8996fb92427ae41e4649b934ca495991b7852b855
C,ngtcp2:cubic:default:gso0,rt-n1-20260930-armC-gso0-ngtcp2-cubic-default-rep4,45.118774166,45.056487807,0.062286358999998015,False,ff39c365e1c3a9ec7941c2240e5522fa1fc53c618c2f7ac8e6c84a1274fb25bf,e3b0c44298fc1c149afbf4c8996fb92427ae41e4649b934ca495991b7852b855
C,ngtcp2:cubic:default:gso0,rt-n1-20260930-armC-gso0-ngtcp2-cubic-default-rep5,43.03384952,42.980374686,0.053474833999999305,False,bd5a21c40c70f07cc9b3e2ef68a2b24bb5780b210a98fe6732e17110a424442f,e3b0c44298fc1c149afbf4c8996fb92427ae41e4649b934ca495991b7852b855
C,ngtcp2:cubic:default:gso0,rt-n1-20260930-armC-gso0-ngtcp2-cubic-default-rep6,44.177902388,44.138238692,0.03966369599999808,False,7afd607626f1cea95bd60bfbe90c6241491eba284e75422512dc10fdac429dca,e3b0c44298fc1c149afbf4c8996fb92427ae41e4649b934ca495991b7852b855
C,ngtcp2:cubic:default:gso0,rt-n1-20260930-armC-gso0-ngtcp2-cubic-default-rep7,47.29443412,47.22248731,0.07194681000000003,False,96dfb22f9d340c8305ad00c924548307c8e96957a4107833732888355c24ce63,e3b0c44298fc1c149afbf4c8996fb92427ae41e4649b934ca495991b7852b855
C,ngtcp2:cubic:default:gso0,rt-n1-20260930-armC-gso0-ngtcp2-cubic-default-rep8,44.759232742,44.689393996,0.06983874600000206,False,f9de910b002245aa76e0e1bb0be9e6c95b6070e9e19b32cdf5a566ecbe2a2f19,e3b0c44298fc1c149afbf4c8996fb92427ae41e4649b934ca495991b7852b855
C,ngtcp2:cubic:default:gso0,rt-n1-20260930-armC-gso0-ngtcp2-cubic-default-rep9,49.288398013,49.268503783,0.01989422999999846,False,1cbd11dfd8c619b9e368c7490ebb540fbab8a69c7cdbbd64b98132b33071a2e8,e3b0c44298fc1c149afbf4c8996fb92427ae41e4649b934ca495991b7852b855
